date,day,precipitation,high_temp_C,low_temp_C,week_index,is_rainy,name,value,is_weekend
4/1,Saturday,0,7.77777777777778,2.77777777777778,0,FALSE,brooklyn,606,TRUE
4/1,Saturday,0,7.77777777777778,2.77777777777778,0,FALSE,manhattan,1446,TRUE
4/1,Saturday,0,7.77777777777778,2.77777777777778,0,FALSE,williamsburg,1915,TRUE
4/1,Saturday,0,7.77777777777778,2.77777777777778,0,FALSE,queensboro,1430,TRUE
4/1,Saturday,0,7.77777777777778,2.77777777777778,0,FALSE,total,5397,TRUE
4/2,Sunday,0,16.7222222222222,5,0,FALSE,brooklyn,2021,TRUE
4/2,Sunday,0,16.7222222222222,5,0,FALSE,manhattan,3943,TRUE
4/2,Sunday,0,16.7222222222222,5,0,FALSE,williamsburg,4207,TRUE
4/2,Sunday,0,16.7222222222222,5,0,FALSE,queensboro,2862,TRUE
4/2,Sunday,0,16.7222222222222,5,0,FALSE,total,13033,TRUE
4/3,Monday,0.762,17.2222222222222,10,0,FALSE,brooklyn,2470,FALSE
4/3,Monday,0.762,17.2222222222222,10,0,FALSE,manhattan,4988,FALSE
4/3,Monday,0.762,17.2222222222222,10,0,FALSE,williamsburg,5178,FALSE
4/3,Monday,0.762,17.2222222222222,10,0,FALSE,queensboro,3689,FALSE
4/3,Monday,0.762,17.2222222222222,10,0,FALSE,total,16325,FALSE
4/4,Tuesday,29.972,10.6111111111111,7.77777777777778,0,TRUE,brooklyn,723,FALSE
4/4,Tuesday,29.972,10.6111111111111,7.77777777777778,0,TRUE,manhattan,1913,FALSE
4/4,Tuesday,29.972,10.6111111111111,7.77777777777778,0,TRUE,williamsburg,2279,FALSE
4/4,Tuesday,29.972,10.6111111111111,7.77777777777778,0,TRUE,queensboro,1666,FALSE
4/4,Tuesday,29.972,10.6111111111111,7.77777777777778,0,TRUE,total,6581,FALSE
4/5,Wednesday,0,17.2222222222222,7.77777777777778,0,FALSE,brooklyn,2807,FALSE
4/5,Wednesday,0,17.2222222222222,7.77777777777778,0,FALSE,manhattan,5276,FALSE
4/5,Wednesday,0,17.2222222222222,7.77777777777778,0,FALSE,williamsburg,5711,FALSE
4/5,Wednesday,0,17.2222222222222,7.77777777777778,0,FALSE,queensboro,4197,FALSE
4/5,Wednesday,0,17.2222222222222,7.77777777777778,0,FALSE,total,17991,FALSE
4/6,Thursday,18.542,9.38888888888889,5,0,TRUE,brooklyn,461,FALSE
4/6,Thursday,18.542,9.38888888888889,5,0,TRUE,manhattan,1324,FALSE
4/6,Thursday,18.542,9.38888888888889,5,0,TRUE,williamsburg,1739,FALSE
4/6,Thursday,18.542,9.38888888888889,5,0,TRUE,queensboro,1372,FALSE
4/6,Thursday,18.542,9.38888888888889,5,0,TRUE,total,4896,FALSE
4/7,Friday,0.254,8.88888888888889,6.11111111111111,0,FALSE,brooklyn,1222,FALSE
4/7,Friday,0.254,8.88888888888889,6.11111111111111,0,FALSE,manhattan,2955,FALSE
4/7,Friday,0.254,8.88888888888889,6.11111111111111,0,FALSE,williamsburg,3399,FALSE
4/7,Friday,0.254,8.88888888888889,6.11111111111111,0,FALSE,queensboro,2765,FALSE
4/7,Friday,0.254,8.88888888888889,6.11111111111111,0,FALSE,total,10341,FALSE
4/8,Saturday,0,13.2777777777778,4.38888888888889,1,FALSE,brooklyn,1674,TRUE
4/8,Saturday,0,13.2777777777778,4.38888888888889,1,FALSE,manhattan,3163,TRUE
4/8,Saturday,0,13.2777777777778,4.38888888888889,1,FALSE,williamsburg,4082,TRUE
4/8,Saturday,0,13.2777777777778,4.38888888888889,1,FALSE,queensboro,2691,TRUE
4/8,Saturday,0,13.2777777777778,4.38888888888889,1,FALSE,total,11610,TRUE
4/9,Sunday,0,18.8888888888889,7.22222222222222,1,FALSE,brooklyn,2375,TRUE
4/9,Sunday,0,18.8888888888889,7.22222222222222,1,FALSE,manhattan,4377,TRUE
4/9,Sunday,0,18.8888888888889,7.22222222222222,1,FALSE,williamsburg,4886,TRUE
4/9,Sunday,0,18.8888888888889,7.22222222222222,1,FALSE,queensboro,3261,TRUE
4/9,Sunday,0,18.8888888888889,7.22222222222222,1,FALSE,total,14899,TRUE
4/10,Monday,0,23.2777777777778,12.7777777777778,1,FALSE,brooklyn,3324,FALSE
4/10,Monday,0,23.2777777777778,12.7777777777778,1,FALSE,manhattan,6359,FALSE
4/10,Monday,0,23.2777777777778,12.7777777777778,1,FALSE,williamsburg,6881,FALSE
4/10,Monday,0,23.2777777777778,12.7777777777778,1,FALSE,queensboro,4731,FALSE
4/10,Monday,0,23.2777777777778,12.7777777777778,1,FALSE,total,21295,FALSE
4/11,Tuesday,0,26.7222222222222,16.7222222222222,1,FALSE,brooklyn,3887,FALSE
4/11,Tuesday,0,26.7222222222222,16.7222222222222,1,FALSE,manhattan,7247,FALSE
4/11,Tuesday,0,26.7222222222222,16.7222222222222,1,FALSE,williamsburg,8079,FALSE
4/11,Tuesday,0,26.7222222222222,16.7222222222222,1,FALSE,queensboro,5501,FALSE
4/11,Tuesday,0,26.7222222222222,16.7222222222222,1,FALSE,total,24714,FALSE
4/12,Wednesday,0.508,23.2777777777778,14.3888888888889,1,FALSE,brooklyn,2565,FALSE
4/12,Wednesday,0.508,23.2777777777778,14.3888888888889,1,FALSE,manhattan,5633,FALSE
4/12,Wednesday,0.508,23.2777777777778,14.3888888888889,1,FALSE,williamsburg,6620,FALSE
4/12,Wednesday,0.508,23.2777777777778,14.3888888888889,1,FALSE,queensboro,4537,FALSE
4/12,Wednesday,0.508,23.2777777777778,14.3888888888889,1,FALSE,total,19355,FALSE
4/13,Thursday,0,17.7777777777778,9.38888888888889,1,FALSE,brooklyn,3353,FALSE
4/13,Thursday,0,17.7777777777778,9.38888888888889,1,FALSE,manhattan,6052,FALSE
4/13,Thursday,0,17.7777777777778,9.38888888888889,1,FALSE,williamsburg,6775,FALSE
4/13,Thursday,0,17.7777777777778,9.38888888888889,1,FALSE,queensboro,4700,FALSE
4/13,Thursday,0,17.7777777777778,9.38888888888889,1,FALSE,total,20880,FALSE
4/14,Friday,0,18.2777777777778,9.38888888888889,1,FALSE,brooklyn,2942,FALSE
4/14,Friday,0,18.2777777777778,9.38888888888889,1,FALSE,manhattan,5054,FALSE
4/14,Friday,0,18.2777777777778,9.38888888888889,1,FALSE,williamsburg,5877,FALSE
4/14,Friday,0,18.2777777777778,9.38888888888889,1,FALSE,queensboro,4142,FALSE
4/14,Friday,0,18.2777777777778,9.38888888888889,1,FALSE,total,18015,FALSE
4/15,Saturday,0,18.2777777777778,11.1111111111111,2,FALSE,brooklyn,2253,TRUE
4/15,Saturday,0,18.2777777777778,11.1111111111111,2,FALSE,manhattan,3853,TRUE
4/15,Saturday,0,18.2777777777778,11.1111111111111,2,FALSE,williamsburg,4965,TRUE
4/15,Saturday,0,18.2777777777778,11.1111111111111,2,FALSE,queensboro,3291,TRUE
4/15,Saturday,0,18.2777777777778,11.1111111111111,2,FALSE,total,14362,TRUE
4/16,Sunday,0.254,29.3888888888889,16.7222222222222,2,FALSE,brooklyn,2877,TRUE
4/16,Sunday,0.254,29.3888888888889,16.7222222222222,2,FALSE,manhattan,4585,TRUE
4/16,Sunday,0.254,29.3888888888889,16.7222222222222,2,FALSE,williamsburg,5259,TRUE
4/16,Sunday,0.254,29.3888888888889,16.7222222222222,2,FALSE,queensboro,3687,TRUE
4/16,Sunday,0.254,29.3888888888889,16.7222222222222,2,FALSE,total,16408,TRUE
4/17,Monday,0.254,23.2777777777778,17.7777777777778,2,FALSE,brooklyn,3152,FALSE
4/17,Monday,0.254,23.2777777777778,17.7777777777778,2,FALSE,manhattan,6352,FALSE
4/17,Monday,0.254,23.2777777777778,17.7777777777778,2,FALSE,williamsburg,6924,FALSE
4/17,Monday,0.254,23.2777777777778,17.7777777777778,2,FALSE,queensboro,4658,FALSE
4/17,Monday,0.254,23.2777777777778,17.7777777777778,2,FALSE,total,21086,FALSE
4/18,Tuesday,0,18.8888888888889,10,2,FALSE,brooklyn,3415,FALSE
4/18,Tuesday,0,18.8888888888889,10,2,FALSE,manhattan,6691,FALSE
4/18,Tuesday,0,18.8888888888889,10,2,FALSE,williamsburg,7341,FALSE
4/18,Tuesday,0,18.8888888888889,10,2,FALSE,queensboro,5012,FALSE
4/18,Tuesday,0,18.8888888888889,10,2,FALSE,total,22459,FALSE
4/19,Wednesday,0.254,11.1111111111111,7.22222222222222,2,FALSE,brooklyn,1965,FALSE
4/19,Wednesday,0.254,11.1111111111111,7.22222222222222,2,FALSE,manhattan,4632,FALSE
4/19,Wednesday,0.254,11.1111111111111,7.22222222222222,2,FALSE,williamsburg,5234,FALSE
4/19,Wednesday,0.254,11.1111111111111,7.22222222222222,2,FALSE,queensboro,3996,FALSE
4/19,Wednesday,0.254,11.1111111111111,7.22222222222222,2,FALSE,total,15827,FALSE
4/20,Thursday,4.318,18.2777777777778,10,2,TRUE,brooklyn,1567,FALSE
4/20,Thursday,4.318,18.2777777777778,10,2,TRUE,manhattan,3365,FALSE
4/20,Thursday,4.318,18.2777777777778,10,2,TRUE,williamsburg,4302,FALSE
4/20,Thursday,4.318,18.2777777777778,10,2,TRUE,queensboro,3056,FALSE
4/20,Thursday,4.318,18.2777777777778,10,2,TRUE,total,12290,FALSE
4/21,Friday,7.366,11.7222222222222,8.88888888888889,2,TRUE,brooklyn,1426,FALSE
4/21,Friday,7.366,11.7222222222222,8.88888888888889,2,TRUE,manhattan,3142,FALSE
4/21,Friday,7.366,11.7222222222222,8.88888888888889,2,TRUE,williamsburg,3674,FALSE
4/21,Friday,7.366,11.7222222222222,8.88888888888889,2,TRUE,queensboro,2672,FALSE
4/21,Friday,7.366,11.7222222222222,8.88888888888889,2,TRUE,total,10914,FALSE
4/22,Saturday,2.794,13.2777777777778,11.1111111111111,3,TRUE,brooklyn,1318,TRUE
4/22,Saturday,2.794,13.2777777777778,11.1111111111111,3,TRUE,manhattan,2297,TRUE
4/22,Saturday,2.794,13.2777777777778,11.1111111111111,3,TRUE,williamsburg,2963,TRUE
4/22,Saturday,2.794,13.2777777777778,11.1111111111111,3,TRUE,queensboro,2366,TRUE
4/22,Saturday,2.794,13.2777777777778,11.1111111111111,3,TRUE,total,8944,TRUE
4/23,Sunday,0,18.2777777777778,8.27777777777778,3,FALSE,brooklyn,2520,TRUE
4/23,Sunday,0,18.2777777777778,8.27777777777778,3,FALSE,manhattan,4681,TRUE
4/23,Sunday,0,18.2777777777778,8.27777777777778,3,FALSE,williamsburg,5105,TRUE
4/23,Sunday,0,18.2777777777778,8.27777777777778,3,FALSE,queensboro,3434,TRUE
4/23,Sunday,0,18.2777777777778,8.27777777777778,3,FALSE,total,15740,TRUE
4/24,Monday,0.254,15.6111111111111,10,3,FALSE,brooklyn,2544,FALSE
4/24,Monday,0.254,15.6111111111111,10,3,FALSE,manhattan,5366,FALSE
4/24,Monday,0.254,15.6111111111111,10,3,FALSE,williamsburg,5762,FALSE
4/24,Monday,0.254,15.6111111111111,10,3,FALSE,queensboro,4183,FALSE
4/24,Monday,0.254,15.6111111111111,10,3,FALSE,total,17855,FALSE
4/25,Tuesday,23.114,12.2222222222222,10,3,TRUE,brooklyn,611,FALSE
4/25,Tuesday,23.114,12.2222222222222,10,3,TRUE,manhattan,1402,FALSE
4/25,Tuesday,23.114,12.2222222222222,10,3,TRUE,williamsburg,1902,FALSE
4/25,Tuesday,23.114,12.2222222222222,10,3,TRUE,queensboro,1578,FALSE
4/25,Tuesday,23.114,12.2222222222222,10,3,TRUE,total,5493,FALSE
4/26,Wednesday,8.636,15,12.2222222222222,3,TRUE,brooklyn,1247,FALSE
4/26,Wednesday,8.636,15,12.2222222222222,3,TRUE,manhattan,2774,FALSE
4/26,Wednesday,8.636,15,12.2222222222222,3,TRUE,williamsburg,3429,FALSE
4/26,Wednesday,8.636,15,12.2222222222222,3,TRUE,queensboro,2369,FALSE
4/26,Wednesday,8.636,15,12.2222222222222,3,TRUE,total,9819,FALSE
4/27,Thursday,0,20,15,3,FALSE,brooklyn,2959,FALSE
4/27,Thursday,0,20,15,3,FALSE,manhattan,5311,FALSE
4/27,Thursday,0,20,15,3,FALSE,williamsburg,6026,FALSE
4/27,Thursday,0,20,15,3,FALSE,queensboro,4285,FALSE
4/27,Thursday,0,20,15,3,FALSE,total,18581,FALSE
4/28,Friday,0,28.2777777777778,14.3888888888889,3,FALSE,brooklyn,3679,FALSE
4/28,Friday,0,28.2777777777778,14.3888888888889,3,FALSE,manhattan,6774,FALSE
4/28,Friday,0,28.2777777777778,14.3888888888889,3,FALSE,williamsburg,7196,FALSE
4/28,Friday,0,28.2777777777778,14.3888888888889,3,FALSE,queensboro,5138,FALSE
4/28,Friday,0,28.2777777777778,14.3888888888889,3,FALSE,total,22787,FALSE
4/29,Saturday,1.524,28.8888888888889,17.7777777777778,4,TRUE,brooklyn,3315,TRUE
4/29,Saturday,1.524,28.8888888888889,17.7777777777778,4,TRUE,manhattan,5605,TRUE
4/29,Saturday,1.524,28.8888888888889,17.7777777777778,4,TRUE,williamsburg,6045,TRUE
4/29,Saturday,1.524,28.8888888888889,17.7777777777778,4,TRUE,queensboro,4078,TRUE
4/29,Saturday,1.524,28.8888888888889,17.7777777777778,4,TRUE,total,19043,TRUE
4/30,Sunday,0,17.7777777777778,12.2222222222222,4,FALSE,brooklyn,2225,TRUE
4/30,Sunday,0,17.7777777777778,12.2222222222222,4,FALSE,manhattan,4057,TRUE
4/30,Sunday,0,17.7777777777778,12.2222222222222,4,FALSE,williamsburg,4513,TRUE
4/30,Sunday,0,17.7777777777778,12.2222222222222,4,FALSE,queensboro,3137,TRUE
4/30,Sunday,0,17.7777777777778,12.2222222222222,4,FALSE,total,13932,TRUE
5/1,Monday,0,22.2222222222222,10,4,FALSE,brooklyn,3084,FALSE
5/1,Monday,0,22.2222222222222,10,4,FALSE,manhattan,6506,FALSE
5/1,Monday,0,22.2222222222222,10,4,FALSE,williamsburg,6793,FALSE
5/1,Monday,0,22.2222222222222,10,4,FALSE,queensboro,4820,FALSE
5/1,Monday,0,22.2222222222222,10,4,FALSE,total,21203,FALSE
5/2,Tuesday,0,23.2777777777778,19.3888888888889,4,FALSE,brooklyn,3423,FALSE
5/2,Tuesday,0,23.2777777777778,19.3888888888889,4,FALSE,manhattan,7035,FALSE
5/2,Tuesday,0,23.2777777777778,19.3888888888889,4,FALSE,williamsburg,7789,FALSE
5/2,Tuesday,0,23.2777777777778,19.3888888888889,4,FALSE,queensboro,5449,FALSE
5/2,Tuesday,0,23.2777777777778,19.3888888888889,4,FALSE,total,23696,FALSE
5/3,Wednesday,0,18.2777777777778,14.3888888888889,4,FALSE,brooklyn,3342,FALSE
5/3,Wednesday,0,18.2777777777778,14.3888888888889,4,FALSE,manhattan,6984,FALSE
5/3,Wednesday,0,18.2777777777778,14.3888888888889,4,FALSE,williamsburg,7445,FALSE
5/3,Wednesday,0,18.2777777777778,14.3888888888889,4,FALSE,queensboro,4804,FALSE
5/3,Wednesday,0,18.2777777777778,14.3888888888889,4,FALSE,total,22575,FALSE
5/4,Thursday,0,17.2222222222222,10,4,FALSE,brooklyn,3019,FALSE
5/4,Thursday,0,17.2222222222222,10,4,FALSE,manhattan,6525,FALSE
5/4,Thursday,0,17.2222222222222,10,4,FALSE,williamsburg,6922,FALSE
5/4,Thursday,0,17.2222222222222,10,4,FALSE,queensboro,5144,FALSE
5/4,Thursday,0,17.2222222222222,10,4,FALSE,total,21610,FALSE
5/5,Friday,76.708,15,11.1111111111111,4,TRUE,brooklyn,513,FALSE
5/5,Friday,76.708,15,11.1111111111111,4,TRUE,manhattan,1471,FALSE
5/5,Friday,76.708,15,11.1111111111111,4,TRUE,williamsburg,1951,FALSE
5/5,Friday,76.708,15,11.1111111111111,4,TRUE,queensboro,1421,FALSE
5/5,Friday,76.708,15,11.1111111111111,4,TRUE,total,5356,FALSE
5/6,Saturday,4.572,18.2777777777778,13.8888888888889,5,TRUE,brooklyn,1892,TRUE
5/6,Saturday,4.572,18.2777777777778,13.8888888888889,5,TRUE,manhattan,3815,TRUE
5/6,Saturday,4.572,18.2777777777778,13.8888888888889,5,TRUE,williamsburg,5502,TRUE
5/6,Saturday,4.572,18.2777777777778,13.8888888888889,5,TRUE,queensboro,3965,TRUE
5/6,Saturday,4.572,18.2777777777778,13.8888888888889,5,TRUE,total,15174,TRUE
5/7,Sunday,0.254,12.2222222222222,9.38888888888889,5,FALSE,brooklyn,3539,TRUE
5/7,Sunday,0.254,12.2222222222222,9.38888888888889,5,FALSE,manhattan,3547,TRUE
5/7,Sunday,0.254,12.2222222222222,9.38888888888889,5,FALSE,williamsburg,4941,TRUE
5/7,Sunday,0.254,12.2222222222222,9.38888888888889,5,FALSE,queensboro,3851,TRUE
5/7,Sunday,0.254,12.2222222222222,9.38888888888889,5,FALSE,total,15878,TRUE
5/8,Monday,0,13.8888888888889,7.22222222222222,5,FALSE,brooklyn,2886,FALSE
5/8,Monday,0,13.8888888888889,7.22222222222222,5,FALSE,manhattan,5812,FALSE
5/8,Monday,0,13.8888888888889,7.22222222222222,5,FALSE,williamsburg,6249,FALSE
5/8,Monday,0,13.8888888888889,7.22222222222222,5,FALSE,queensboro,4432,FALSE
5/8,Monday,0,13.8888888888889,7.22222222222222,5,FALSE,total,19379,FALSE
5/9,Tuesday,0,16.1111111111111,8.88888888888889,5,FALSE,brooklyn,2718,FALSE
5/9,Tuesday,0,16.1111111111111,8.88888888888889,5,FALSE,manhattan,6455,FALSE
5/9,Tuesday,0,16.1111111111111,8.88888888888889,5,FALSE,williamsburg,6910,FALSE
5/9,Tuesday,0,16.1111111111111,8.88888888888889,5,FALSE,queensboro,5000,FALSE
5/9,Tuesday,0,16.1111111111111,8.88888888888889,5,FALSE,total,21083,FALSE
5/10,Wednesday,0,21.1111111111111,10.6111111111111,5,FALSE,brooklyn,2810,FALSE
5/10,Wednesday,0,21.1111111111111,10.6111111111111,5,FALSE,manhattan,6396,FALSE
5/10,Wednesday,0,21.1111111111111,10.6111111111111,5,FALSE,williamsburg,7075,FALSE
5/10,Wednesday,0,21.1111111111111,10.6111111111111,5,FALSE,queensboro,4980,FALSE
5/10,Wednesday,0,21.1111111111111,10.6111111111111,5,FALSE,total,21261,FALSE
5/11,Thursday,0,16.1111111111111,11,5,FALSE,brooklyn,2657,FALSE
5/11,Thursday,0,16.1111111111111,11,5,FALSE,manhattan,6179,FALSE
5/11,Thursday,0,16.1111111111111,11,5,FALSE,williamsburg,6750,FALSE
5/11,Thursday,0,16.1111111111111,11,5,FALSE,queensboro,5139,FALSE
5/11,Thursday,0,16.1111111111111,11,5,FALSE,total,20725,FALSE
5/12,Friday,0,16.7222222222222,10.6111111111111,5,FALSE,brooklyn,2640,FALSE
5/12,Friday,0,16.7222222222222,10.6111111111111,5,FALSE,manhattan,5367,FALSE
5/12,Friday,0,16.7222222222222,10.6111111111111,5,FALSE,williamsburg,6325,FALSE
5/12,Friday,0,16.7222222222222,10.6111111111111,5,FALSE,queensboro,4692,FALSE
5/12,Friday,0,16.7222222222222,10.6111111111111,5,FALSE,total,19024,FALSE
5/13,Saturday,33.274,10.6111111111111,7.22222222222222,6,TRUE,brooklyn,151,TRUE
5/13,Saturday,33.274,10.6111111111111,7.22222222222222,6,TRUE,manhattan,484,TRUE
5/13,Saturday,33.274,10.6111111111111,7.22222222222222,6,TRUE,williamsburg,874,TRUE
5/13,Saturday,33.274,10.6111111111111,7.22222222222222,6,TRUE,queensboro,865,TRUE
5/13,Saturday,33.274,10.6111111111111,7.22222222222222,6,TRUE,total,2374,TRUE
5/14,Sunday,0.508,18.2777777777778,7.77777777777778,6,FALSE,brooklyn,1452,TRUE
5/14,Sunday,0.508,18.2777777777778,7.77777777777778,6,FALSE,manhattan,2704,TRUE
5/14,Sunday,0.508,18.2777777777778,7.77777777777778,6,FALSE,williamsburg,3320,TRUE
5/14,Sunday,0.508,18.2777777777778,7.77777777777778,6,FALSE,queensboro,2389,TRUE
5/14,Sunday,0.508,18.2777777777778,7.77777777777778,6,FALSE,total,9865,TRUE
5/15,Monday,0,19.3888888888889,13.2777777777778,6,FALSE,brooklyn,2685,FALSE
5/15,Monday,0,19.3888888888889,13.2777777777778,6,FALSE,manhattan,5865,FALSE
5/15,Monday,0,19.3888888888889,13.2777777777778,6,FALSE,williamsburg,5981,FALSE
5/15,Monday,0,19.3888888888889,13.2777777777778,6,FALSE,queensboro,4550,FALSE
5/15,Monday,0,19.3888888888889,13.2777777777778,6,FALSE,total,19081,FALSE
5/16,Tuesday,0,25.6111111111111,14.3888888888889,6,FALSE,brooklyn,3666,FALSE
5/16,Tuesday,0,25.6111111111111,14.3888888888889,6,FALSE,manhattan,7847,FALSE
5/16,Tuesday,0,25.6111111111111,14.3888888888889,6,FALSE,williamsburg,8420,FALSE
5/16,Tuesday,0,25.6111111111111,14.3888888888889,6,FALSE,queensboro,6209,FALSE
5/16,Tuesday,0,25.6111111111111,14.3888888888889,6,FALSE,total,26142,FALSE
5/17,Wednesday,0,32.2222222222222,18.8888888888889,6,FALSE,brooklyn,3535,FALSE
5/17,Wednesday,0,32.2222222222222,18.8888888888889,6,FALSE,manhattan,7888,FALSE
5/17,Wednesday,0,32.2222222222222,18.8888888888889,6,FALSE,williamsburg,8540,FALSE
5/17,Wednesday,0,32.2222222222222,18.8888888888889,6,FALSE,queensboro,6121,FALSE
5/17,Wednesday,0,32.2222222222222,18.8888888888889,6,FALSE,total,26084,FALSE
5/18,Thursday,0,33.2777777777778,23.8888888888889,6,FALSE,brooklyn,3190,FALSE
5/18,Thursday,0,33.2777777777778,23.8888888888889,6,FALSE,manhattan,6886,FALSE
5/18,Thursday,0,33.2777777777778,23.8888888888889,6,FALSE,williamsburg,7645,FALSE
5/18,Thursday,0,33.2777777777778,23.8888888888889,6,FALSE,queensboro,5753,FALSE
5/18,Thursday,0,33.2777777777778,23.8888888888889,6,FALSE,total,23474,FALSE
5/19,Friday,0,32.2222222222222,24.3888888888889,6,FALSE,brooklyn,2952,FALSE
5/19,Friday,0,32.2222222222222,24.3888888888889,6,FALSE,manhattan,6432,FALSE
5/19,Friday,0,32.2222222222222,24.3888888888889,6,FALSE,williamsburg,6859,FALSE
5/19,Friday,0,32.2222222222222,24.3888888888889,6,FALSE,queensboro,5272,FALSE
5/19,Friday,0,32.2222222222222,24.3888888888889,6,FALSE,total,21515,FALSE
5/20,Saturday,0.254,17.7777777777778,13.2777777777778,7,FALSE,brooklyn,2161,TRUE
5/20,Saturday,0.254,17.7777777777778,13.2777777777778,7,FALSE,manhattan,3896,TRUE
5/20,Saturday,0.254,17.7777777777778,13.2777777777778,7,FALSE,williamsburg,5198,TRUE
5/20,Saturday,0.254,17.7777777777778,13.2777777777778,7,FALSE,queensboro,3910,TRUE
5/20,Saturday,0.254,17.7777777777778,13.2777777777778,7,FALSE,total,15165,TRUE
5/21,Sunday,0,19.3888888888889,12.7777777777778,7,FALSE,brooklyn,2612,TRUE
5/21,Sunday,0,19.3888888888889,12.7777777777778,7,FALSE,manhattan,4656,TRUE
5/21,Sunday,0,19.3888888888889,12.7777777777778,7,FALSE,williamsburg,5634,TRUE
5/21,Sunday,0,19.3888888888889,12.7777777777778,7,FALSE,queensboro,3782,TRUE
5/21,Sunday,0,19.3888888888889,12.7777777777778,7,FALSE,total,16684,TRUE
5/22,Monday,14.986,16.1111111111111,12.2222222222222,7,TRUE,brooklyn,768,FALSE
5/22,Monday,14.986,16.1111111111111,12.2222222222222,7,TRUE,manhattan,1633,FALSE
5/22,Monday,14.986,16.1111111111111,12.2222222222222,7,TRUE,williamsburg,2116,FALSE
5/22,Monday,14.986,16.1111111111111,12.2222222222222,7,TRUE,queensboro,1609,FALSE
5/22,Monday,14.986,16.1111111111111,12.2222222222222,7,TRUE,total,6126,FALSE
5/23,Tuesday,0,20,14.3888888888889,7,FALSE,brooklyn,3174,FALSE
5/23,Tuesday,0,20,14.3888888888889,7,FALSE,manhattan,6715,FALSE
5/23,Tuesday,0,20,14.3888888888889,7,FALSE,williamsburg,7011,FALSE
5/23,Tuesday,0,20,14.3888888888889,7,FALSE,queensboro,4899,FALSE
5/23,Tuesday,0,20,14.3888888888889,7,FALSE,total,21799,FALSE
5/24,Wednesday,1.016,19.3888888888889,13.8888888888889,7,TRUE,brooklyn,2969,FALSE
5/24,Wednesday,1.016,19.3888888888889,13.8888888888889,7,TRUE,manhattan,6005,FALSE
5/24,Wednesday,1.016,19.3888888888889,13.8888888888889,7,TRUE,williamsburg,6872,FALSE
5/24,Wednesday,1.016,19.3888888888889,13.8888888888889,7,TRUE,queensboro,4344,FALSE
5/24,Wednesday,1.016,19.3888888888889,13.8888888888889,7,TRUE,total,20190,FALSE
5/25,Thursday,14.732,14.3888888888889,13.2777777777778,7,TRUE,brooklyn,488,FALSE
5/25,Thursday,14.732,14.3888888888889,13.2777777777778,7,TRUE,manhattan,1196,FALSE
5/25,Thursday,14.732,14.3888888888889,13.2777777777778,7,TRUE,williamsburg,1789,FALSE
5/25,Thursday,14.732,14.3888888888889,13.2777777777778,7,TRUE,queensboro,1316,FALSE
5/25,Thursday,14.732,14.3888888888889,13.2777777777778,7,TRUE,total,4789,FALSE
5/26,Friday,2.54,22.7777777777778,13.2777777777778,7,TRUE,brooklyn,2590,FALSE
5/26,Friday,2.54,22.7777777777778,13.2777777777778,7,TRUE,manhattan,4563,FALSE
5/26,Friday,2.54,22.7777777777778,13.2777777777778,7,TRUE,williamsburg,5344,FALSE
5/26,Friday,2.54,22.7777777777778,13.2777777777778,7,TRUE,queensboro,3642,FALSE
5/26,Friday,2.54,22.7777777777778,13.2777777777778,7,TRUE,total,16139,FALSE
5/27,Saturday,0,21.7222222222222,16.1111111111111,8,FALSE,brooklyn,2609,TRUE
5/27,Saturday,0,21.7222222222222,16.1111111111111,8,FALSE,manhattan,4013,TRUE
5/27,Saturday,0,21.7222222222222,16.1111111111111,8,FALSE,williamsburg,6105,TRUE
5/27,Saturday,0,21.7222222222222,16.1111111111111,8,FALSE,queensboro,3703,TRUE
5/27,Saturday,0,21.7222222222222,16.1111111111111,8,FALSE,total,16430,TRUE
5/28,Sunday,0,21.7222222222222,15,8,FALSE,brooklyn,2640,TRUE
5/28,Sunday,0,21.7222222222222,15,8,FALSE,manhattan,4048,TRUE
5/28,Sunday,0,21.7222222222222,15,8,FALSE,williamsburg,5456,TRUE
5/28,Sunday,0,21.7222222222222,15,8,FALSE,queensboro,3549,TRUE
5/28,Sunday,0,21.7222222222222,15,8,FALSE,total,15693,TRUE
5/29,Monday,3.302,14.3888888888889,13.2777777777778,8,TRUE,brooklyn,836,FALSE
5/29,Monday,3.302,14.3888888888889,13.2777777777778,8,TRUE,manhattan,1730,FALSE
5/29,Monday,3.302,14.3888888888889,13.2777777777778,8,TRUE,williamsburg,2738,FALSE
5/29,Monday,3.302,14.3888888888889,13.2777777777778,8,TRUE,queensboro,1704,FALSE
5/29,Monday,3.302,14.3888888888889,13.2777777777778,8,TRUE,total,7008,FALSE
5/30,Tuesday,1.524,15,13.2777777777778,8,TRUE,brooklyn,2301,FALSE
5/30,Tuesday,1.524,15,13.2777777777778,8,TRUE,manhattan,5366,FALSE
5/30,Tuesday,1.524,15,13.2777777777778,8,TRUE,williamsburg,5938,FALSE
5/30,Tuesday,1.524,15,13.2777777777778,8,TRUE,queensboro,4431,FALSE
5/30,Tuesday,1.524,15,13.2777777777778,8,TRUE,total,18036,FALSE
5/31,Wednesday,0.762,23.8888888888889,14.3888888888889,8,FALSE,brooklyn,2689,FALSE
5/31,Wednesday,0.762,23.8888888888889,14.3888888888889,8,FALSE,manhattan,5717,FALSE
5/31,Wednesday,0.762,23.8888888888889,14.3888888888889,8,FALSE,williamsburg,6523,FALSE
5/31,Wednesday,0.762,23.8888888888889,14.3888888888889,8,FALSE,queensboro,4575,FALSE
5/31,Wednesday,0.762,23.8888888888889,14.3888888888889,8,FALSE,total,19504,FALSE
6/1,Thursday,0,25.6111111111111,16.7222222222222,8,FALSE,brooklyn,3468,FALSE
6/1,Thursday,0,25.6111111111111,16.7222222222222,8,FALSE,manhattan,7328,FALSE
6/1,Thursday,0,25.6111111111111,16.7222222222222,8,FALSE,williamsburg,8461,FALSE
6/1,Thursday,0,25.6111111111111,16.7222222222222,8,FALSE,queensboro,6184,FALSE
6/1,Thursday,0,25.6111111111111,16.7222222222222,8,FALSE,total,25441,FALSE
6/2,Friday,0.254,23.2777777777778,15.6111111111111,8,FALSE,brooklyn,3271,FALSE
6/2,Friday,0.254,23.2777777777778,15.6111111111111,8,FALSE,manhattan,7007,FALSE
6/2,Friday,0.254,23.2777777777778,15.6111111111111,8,FALSE,williamsburg,7968,FALSE
6/2,Friday,0.254,23.2777777777778,15.6111111111111,8,FALSE,queensboro,5293,FALSE
6/2,Friday,0.254,23.2777777777778,15.6111111111111,8,FALSE,total,23539,FALSE
6/3,Saturday,0.254,22.2222222222222,12.7777777777778,9,FALSE,brooklyn,2589,TRUE
6/3,Saturday,0.254,22.2222222222222,12.7777777777778,9,FALSE,manhattan,4510,TRUE
6/3,Saturday,0.254,22.2222222222222,12.7777777777778,9,FALSE,williamsburg,6210,TRUE
6/3,Saturday,0.254,22.2222222222222,12.7777777777778,9,FALSE,queensboro,4084,TRUE
6/3,Saturday,0.254,22.2222222222222,12.7777777777778,9,FALSE,total,17393,TRUE
6/4,Sunday,2.286,20,15.6111111111111,9,TRUE,brooklyn,1805,TRUE
6/4,Sunday,2.286,20,15.6111111111111,9,TRUE,manhattan,3127,TRUE
6/4,Sunday,2.286,20,15.6111111111111,9,TRUE,williamsburg,4023,TRUE
6/4,Sunday,2.286,20,15.6111111111111,9,TRUE,queensboro,3023,TRUE
6/4,Sunday,2.286,20,15.6111111111111,9,TRUE,total,11978,TRUE
6/5,Monday,0.508,19.3888888888889,15.6111111111111,9,FALSE,brooklyn,2171,FALSE
6/5,Monday,0.508,19.3888888888889,15.6111111111111,9,FALSE,manhattan,4552,FALSE
6/5,Monday,0.508,19.3888888888889,15.6111111111111,9,FALSE,williamsburg,5276,FALSE
6/5,Monday,0.508,19.3888888888889,15.6111111111111,9,FALSE,queensboro,3359,FALSE
6/5,Monday,0.508,19.3888888888889,15.6111111111111,9,FALSE,total,15358,FALSE
6/6,Tuesday,1.524,13.2777777777778,11.7222222222222,9,TRUE,brooklyn,1193,FALSE
6/6,Tuesday,1.524,13.2777777777778,11.7222222222222,9,TRUE,manhattan,3021,FALSE
6/6,Tuesday,1.524,13.2777777777778,11.7222222222222,9,TRUE,williamsburg,3807,FALSE
6/6,Tuesday,1.524,13.2777777777778,11.7222222222222,9,TRUE,queensboro,2572,FALSE
6/6,Tuesday,1.524,13.2777777777778,11.7222222222222,9,TRUE,total,10593,FALSE
6/7,Wednesday,0,19.3888888888889,12.2222222222222,9,FALSE,brooklyn,3211,FALSE
6/7,Wednesday,0,19.3888888888889,12.2222222222222,9,FALSE,manhattan,7180,FALSE
6/7,Wednesday,0,19.3888888888889,12.2222222222222,9,FALSE,williamsburg,7632,FALSE
6/7,Wednesday,0,19.3888888888889,12.2222222222222,9,FALSE,queensboro,5072,FALSE
6/7,Wednesday,0,19.3888888888889,12.2222222222222,9,FALSE,total,23095,FALSE
6/8,Thursday,0,20,15,9,FALSE,brooklyn,3253,FALSE
6/8,Thursday,0,20,15,9,FALSE,manhattan,7083,FALSE
6/8,Thursday,0,20,15,9,FALSE,williamsburg,7778,FALSE
6/8,Thursday,0,20,15,9,FALSE,queensboro,5288,FALSE
6/8,Thursday,0,20,15,9,FALSE,total,23402,FALSE
6/9,Friday,0,26.7222222222222,15,9,FALSE,brooklyn,3401,FALSE
6/9,Friday,0,26.7222222222222,15,9,FALSE,manhattan,6859,FALSE
6/9,Friday,0,26.7222222222222,15,9,FALSE,williamsburg,7744,FALSE
6/9,Friday,0,26.7222222222222,15,9,FALSE,queensboro,5155,FALSE
6/9,Friday,0,26.7222222222222,15,9,FALSE,total,23159,FALSE
6/10,Saturday,0,28.8888888888889,20,10,FALSE,brooklyn,3066,TRUE
6/10,Saturday,0,28.8888888888889,20,10,FALSE,manhattan,5193,TRUE
6/10,Saturday,0,28.8888888888889,20,10,FALSE,williamsburg,6391,TRUE
6/10,Saturday,0,28.8888888888889,20,10,FALSE,queensboro,4425,TRUE
6/10,Saturday,0,28.8888888888889,20,10,FALSE,total,19075,TRUE
6/11,Sunday,0,32.2222222222222,22.7777777777778,10,FALSE,brooklyn,2465,TRUE
6/11,Sunday,0,32.2222222222222,22.7777777777778,10,FALSE,manhattan,4388,TRUE
6/11,Sunday,0,32.2222222222222,22.7777777777778,10,FALSE,williamsburg,5153,TRUE
6/11,Sunday,0,32.2222222222222,22.7777777777778,10,FALSE,queensboro,3178,TRUE
6/11,Sunday,0,32.2222222222222,22.7777777777778,10,FALSE,total,15184,TRUE
6/12,Monday,0,33.2777777777778,25,10,FALSE,brooklyn,2854,FALSE
6/12,Monday,0,33.2777777777778,25,10,FALSE,manhattan,6265,FALSE
6/12,Monday,0,33.2777777777778,25,10,FALSE,williamsburg,7049,FALSE
6/12,Monday,0,33.2777777777778,25,10,FALSE,queensboro,5032,FALSE
6/12,Monday,0,33.2777777777778,25,10,FALSE,total,21200,FALSE
6/13,Tuesday,0.254,34.3888888888889,25.6111111111111,10,FALSE,brooklyn,2882,FALSE
6/13,Tuesday,0.254,34.3888888888889,25.6111111111111,10,FALSE,manhattan,6141,FALSE
6/13,Tuesday,0.254,34.3888888888889,25.6111111111111,10,FALSE,williamsburg,7155,FALSE
6/13,Tuesday,0.254,34.3888888888889,25.6111111111111,10,FALSE,queensboro,5399,FALSE
6/13,Tuesday,0.254,34.3888888888889,25.6111111111111,10,FALSE,total,21577,FALSE
6/14,Wednesday,7.366,28.8888888888889,20.6111111111111,10,TRUE,brooklyn,2596,FALSE
6/14,Wednesday,7.366,28.8888888888889,20.6111111111111,10,TRUE,manhattan,5630,FALSE
6/14,Wednesday,7.366,28.8888888888889,20.6111111111111,10,TRUE,williamsburg,6619,FALSE
6/14,Wednesday,7.366,28.8888888888889,20.6111111111111,10,TRUE,queensboro,5152,FALSE
6/14,Wednesday,7.366,28.8888888888889,20.6111111111111,10,TRUE,total,19997,FALSE
6/15,Thursday,0,23.8888888888889,18.8888888888889,10,FALSE,brooklyn,3510,FALSE
6/15,Thursday,0,23.8888888888889,18.8888888888889,10,FALSE,manhattan,7854,FALSE
6/15,Thursday,0,23.8888888888889,18.8888888888889,10,FALSE,williamsburg,8652,FALSE
6/15,Thursday,0,23.8888888888889,18.8888888888889,10,FALSE,queensboro,6344,FALSE
6/15,Thursday,0,23.8888888888889,18.8888888888889,10,FALSE,total,26360,FALSE
6/16,Friday,0,20,18.8888888888889,10,FALSE,brooklyn,2054,FALSE
6/16,Friday,0,20,18.8888888888889,10,FALSE,manhattan,4857,FALSE
6/16,Friday,0,20,18.8888888888889,10,FALSE,williamsburg,5783,FALSE
6/16,Friday,0,20,18.8888888888889,10,FALSE,queensboro,4474,FALSE
6/16,Friday,0,20,18.8888888888889,10,FALSE,total,17168,FALSE
6/17,Saturday,35.306,22.7777777777778,19.3888888888889,11,TRUE,brooklyn,1399,TRUE
6/17,Saturday,35.306,22.7777777777778,19.3888888888889,11,TRUE,manhattan,2633,TRUE
6/17,Saturday,35.306,22.7777777777778,19.3888888888889,11,TRUE,williamsburg,3439,TRUE
6/17,Saturday,35.306,22.7777777777778,19.3888888888889,11,TRUE,queensboro,2977,TRUE
6/17,Saturday,35.306,22.7777777777778,19.3888888888889,11,TRUE,total,10448,TRUE
6/18,Sunday,0.254,28.8888888888889,22.2222222222222,11,FALSE,brooklyn,2199,TRUE
6/18,Sunday,0.254,28.8888888888889,22.2222222222222,11,FALSE,manhattan,4014,TRUE
6/18,Sunday,0.254,28.8888888888889,22.2222222222222,11,FALSE,williamsburg,4901,TRUE
6/18,Sunday,0.254,28.8888888888889,22.2222222222222,11,FALSE,queensboro,3396,TRUE
6/18,Sunday,0.254,28.8888888888889,22.2222222222222,11,FALSE,total,14510,TRUE
6/19,Monday,34.29,30.6111111111111,21.1111111111111,11,TRUE,brooklyn,1648,FALSE
6/19,Monday,34.29,30.6111111111111,21.1111111111111,11,TRUE,manhattan,3553,FALSE
6/19,Monday,34.29,30.6111111111111,21.1111111111111,11,TRUE,williamsburg,4334,FALSE
6/19,Monday,34.29,30.6111111111111,21.1111111111111,11,TRUE,queensboro,3552,FALSE
6/19,Monday,34.29,30.6111111111111,21.1111111111111,11,TRUE,total,13087,FALSE
6/20,Tuesday,0.762,27.7777777777778,22.2222222222222,11,FALSE,brooklyn,3407,FALSE
6/20,Tuesday,0.762,27.7777777777778,22.2222222222222,11,FALSE,manhattan,7473,FALSE
6/20,Tuesday,0.762,27.7777777777778,22.2222222222222,11,FALSE,williamsburg,7975,FALSE
6/20,Tuesday,0.762,27.7777777777778,22.2222222222222,11,FALSE,queensboro,6091,FALSE
6/20,Tuesday,0.762,27.7777777777778,22.2222222222222,11,FALSE,total,24946,FALSE
6/21,Wednesday,0,27.7777777777778,22.2222222222222,11,FALSE,brooklyn,3304,FALSE
6/21,Wednesday,0,27.7777777777778,22.2222222222222,11,FALSE,manhattan,7416,FALSE
6/21,Wednesday,0,27.7777777777778,22.2222222222222,11,FALSE,williamsburg,8754,FALSE
6/21,Wednesday,0,27.7777777777778,22.2222222222222,11,FALSE,queensboro,6159,FALSE
6/21,Wednesday,0,27.7777777777778,22.2222222222222,11,FALSE,total,25633,FALSE
6/22,Thursday,0,27.7777777777778,21.1111111111111,11,FALSE,brooklyn,3368,FALSE
6/22,Thursday,0,27.7777777777778,21.1111111111111,11,FALSE,manhattan,7624,FALSE
6/22,Thursday,0,27.7777777777778,21.1111111111111,11,FALSE,williamsburg,8307,FALSE
6/22,Thursday,0,27.7777777777778,21.1111111111111,11,FALSE,queensboro,6289,FALSE
6/22,Thursday,0,27.7777777777778,21.1111111111111,11,FALSE,total,25588,FALSE
6/23,Friday,1.016,28.2777777777778,24.3888888888889,11,TRUE,brooklyn,2283,FALSE
6/23,Friday,1.016,28.2777777777778,24.3888888888889,11,TRUE,manhattan,4683,FALSE
6/23,Friday,1.016,28.2777777777778,24.3888888888889,11,TRUE,williamsburg,5611,FALSE
6/23,Friday,1.016,28.2777777777778,24.3888888888889,11,TRUE,queensboro,4330,FALSE
6/23,Friday,1.016,28.2777777777778,24.3888888888889,11,TRUE,total,16907,FALSE
6/24,Saturday,32.766,28.2777777777778,21.7222222222222,12,TRUE,brooklyn,2307,TRUE
6/24,Saturday,32.766,28.2777777777778,21.7222222222222,12,TRUE,manhattan,3933,TRUE
6/24,Saturday,32.766,28.2777777777778,21.7222222222222,12,TRUE,williamsburg,5214,TRUE
6/24,Saturday,32.766,28.2777777777778,21.7222222222222,12,TRUE,queensboro,3396,TRUE
6/24,Saturday,32.766,28.2777777777778,21.7222222222222,12,TRUE,total,14850,TRUE
6/25,Sunday,0,27.7777777777778,20.6111111111111,12,FALSE,brooklyn,2625,TRUE
6/25,Sunday,0,27.7777777777778,20.6111111111111,12,FALSE,manhattan,4882,TRUE
6/25,Sunday,0,27.7777777777778,20.6111111111111,12,FALSE,williamsburg,5727,TRUE
6/25,Sunday,0,27.7777777777778,20.6111111111111,12,FALSE,queensboro,4197,TRUE
6/25,Sunday,0,27.7777777777778,20.6111111111111,12,FALSE,total,17431,TRUE
6/26,Monday,0,25.6111111111111,18.8888888888889,12,FALSE,brooklyn,3386,FALSE
6/26,Monday,0,25.6111111111111,18.8888888888889,12,FALSE,manhattan,7217,FALSE
6/26,Monday,0,25.6111111111111,18.8888888888889,12,FALSE,williamsburg,7974,FALSE
6/26,Monday,0,25.6111111111111,18.8888888888889,12,FALSE,queensboro,5845,FALSE
6/26,Monday,0,25.6111111111111,18.8888888888889,12,FALSE,total,24422,FALSE
6/27,Tuesday,4.572,24.3888888888889,16.1111111111111,12,TRUE,brooklyn,3182,FALSE
6/27,Tuesday,4.572,24.3888888888889,16.1111111111111,12,TRUE,manhattan,7317,FALSE
6/27,Tuesday,4.572,24.3888888888889,16.1111111111111,12,TRUE,williamsburg,6501,FALSE
6/27,Tuesday,4.572,24.3888888888889,16.1111111111111,12,TRUE,queensboro,5580,FALSE
6/27,Tuesday,4.572,24.3888888888889,16.1111111111111,12,TRUE,total,22580,FALSE
6/28,Wednesday,0,25.6111111111111,16.7222222222222,12,FALSE,brooklyn,3766,FALSE
6/28,Wednesday,0,25.6111111111111,16.7222222222222,12,FALSE,manhattan,8239,FALSE
6/28,Wednesday,0,25.6111111111111,16.7222222222222,12,FALSE,williamsburg,8873,FALSE
6/28,Wednesday,0,25.6111111111111,16.7222222222222,12,FALSE,queensboro,5834,FALSE
6/28,Wednesday,0,25.6111111111111,16.7222222222222,12,FALSE,total,26712,FALSE
6/29,Thursday,0,27.2222222222222,20,12,FALSE,brooklyn,3356,FALSE
6/29,Thursday,0,27.2222222222222,20,12,FALSE,manhattan,7544,FALSE
6/29,Thursday,0,27.2222222222222,20,12,FALSE,williamsburg,8276,FALSE
6/29,Thursday,0,27.2222222222222,20,12,FALSE,queensboro,5662,FALSE
6/29,Thursday,0,27.2222222222222,20,12,FALSE,total,24838,FALSE
6/30,Friday,0.254,31.1111111111111,23.2777777777778,12,FALSE,brooklyn,2687,FALSE
6/30,Friday,0.254,31.1111111111111,23.2777777777778,12,FALSE,manhattan,5890,FALSE
6/30,Friday,0.254,31.1111111111111,23.2777777777778,12,FALSE,williamsburg,7013,FALSE
6/30,Friday,0.254,31.1111111111111,23.2777777777778,12,FALSE,queensboro,4754,FALSE
6/30,Friday,0.254,31.1111111111111,23.2777777777778,12,FALSE,total,20344,FALSE
7/1,Saturday,5.842,29.3888888888889,22.2222222222222,13,TRUE,brooklyn,1848,TRUE
7/1,Saturday,5.842,29.3888888888889,22.2222222222222,13,TRUE,manhattan,2958,TRUE
7/1,Saturday,5.842,29.3888888888889,22.2222222222222,13,TRUE,williamsburg,3845,TRUE
7/1,Saturday,5.842,29.3888888888889,22.2222222222222,13,TRUE,queensboro,3216,TRUE
7/1,Saturday,5.842,29.3888888888889,22.2222222222222,13,TRUE,total,11867,TRUE
7/2,Sunday,0,30.6111111111111,22.7777777777778,13,FALSE,brooklyn,2467,TRUE
7/2,Sunday,0,30.6111111111111,22.7777777777778,13,FALSE,manhattan,3776,TRUE
7/2,Sunday,0,30.6111111111111,22.7777777777778,13,FALSE,williamsburg,4173,TRUE
7/2,Sunday,0,30.6111111111111,22.7777777777778,13,FALSE,queensboro,3579,TRUE
7/2,Sunday,0,30.6111111111111,22.7777777777778,13,FALSE,total,13995,TRUE
7/3,Monday,11.43,30.6111111111111,21.7222222222222,13,TRUE,brooklyn,2714,FALSE
7/3,Monday,11.43,30.6111111111111,21.7222222222222,13,TRUE,manhattan,4199,FALSE
7/3,Monday,11.43,30.6111111111111,21.7222222222222,13,TRUE,williamsburg,4924,FALSE
7/3,Monday,11.43,30.6111111111111,21.7222222222222,13,TRUE,queensboro,4230,FALSE
7/3,Monday,11.43,30.6111111111111,21.7222222222222,13,TRUE,total,16067,FALSE
7/4,Tuesday,0,28.2777777777778,21.1111111111111,13,FALSE,brooklyn,2296,FALSE
7/4,Tuesday,0,28.2777777777778,21.1111111111111,13,FALSE,manhattan,4084,FALSE
7/4,Tuesday,0,28.2777777777778,21.1111111111111,13,FALSE,williamsburg,3684,FALSE
7/4,Tuesday,0,28.2777777777778,21.1111111111111,13,FALSE,queensboro,3861,FALSE
7/4,Tuesday,0,28.2777777777778,21.1111111111111,13,FALSE,total,13925,FALSE
7/5,Wednesday,0,29.3888888888889,21.7222222222222,13,FALSE,brooklyn,3170,FALSE
7/5,Wednesday,0,29.3888888888889,21.7222222222222,13,FALSE,manhattan,6770,FALSE
7/5,Wednesday,0,29.3888888888889,21.7222222222222,13,FALSE,williamsburg,7308,FALSE
7/5,Wednesday,0,29.3888888888889,21.7222222222222,13,FALSE,queensboro,5862,FALSE
7/5,Wednesday,0,29.3888888888889,21.7222222222222,13,FALSE,total,23110,FALSE
7/6,Thursday,0.254,23.8888888888889,21.7222222222222,13,FALSE,brooklyn,3065,FALSE
7/6,Thursday,0.254,23.8888888888889,21.7222222222222,13,FALSE,manhattan,6243,FALSE
7/6,Thursday,0.254,23.8888888888889,21.7222222222222,13,FALSE,williamsburg,7302,FALSE
7/6,Thursday,0.254,23.8888888888889,21.7222222222222,13,FALSE,queensboro,5251,FALSE
7/6,Thursday,0.254,23.8888888888889,21.7222222222222,13,FALSE,total,21861,FALSE
7/7,Friday,45.212,26.1111111111111,20,13,TRUE,brooklyn,1513,FALSE
7/7,Friday,45.212,26.1111111111111,20,13,TRUE,manhattan,3567,FALSE
7/7,Friday,45.212,26.1111111111111,20,13,TRUE,williamsburg,4421,FALSE
7/7,Friday,45.212,26.1111111111111,20,13,TRUE,queensboro,3304,FALSE
7/7,Friday,45.212,26.1111111111111,20,13,TRUE,total,12805,FALSE
7/8,Saturday,0,28.2777777777778,21.1111111111111,14,FALSE,brooklyn,2718,TRUE
7/8,Saturday,0,28.2777777777778,21.1111111111111,14,FALSE,manhattan,4807,TRUE
7/8,Saturday,0,28.2777777777778,21.1111111111111,14,FALSE,williamsburg,5781,TRUE
7/8,Saturday,0,28.2777777777778,21.1111111111111,14,FALSE,queensboro,3952,TRUE
7/8,Saturday,0,28.2777777777778,21.1111111111111,14,FALSE,total,17258,TRUE
7/9,Sunday,0,27.2222222222222,20.6111111111111,14,FALSE,brooklyn,3048,TRUE
7/9,Sunday,0,27.2222222222222,20.6111111111111,14,FALSE,manhattan,5446,TRUE
7/9,Sunday,0,27.2222222222222,20.6111111111111,14,FALSE,williamsburg,5782,TRUE
7/9,Sunday,0,27.2222222222222,20.6111111111111,14,FALSE,queensboro,4044,TRUE
7/9,Sunday,0,27.2222222222222,20.6111111111111,14,FALSE,total,18320,TRUE
7/10,Monday,0,28.2777777777778,21.7222222222222,14,FALSE,brooklyn,3506,FALSE
7/10,Monday,0,28.2777777777778,21.7222222222222,14,FALSE,manhattan,7503,FALSE
7/10,Monday,0,28.2777777777778,21.7222222222222,14,FALSE,williamsburg,8106,FALSE
7/10,Monday,0,28.2777777777778,21.7222222222222,14,FALSE,queensboro,5712,FALSE
7/10,Monday,0,28.2777777777778,21.7222222222222,14,FALSE,total,24827,FALSE
7/11,Tuesday,0,28.8888888888889,23.8888888888889,14,FALSE,brooklyn,2929,FALSE
7/11,Tuesday,0,28.8888888888889,23.8888888888889,14,FALSE,manhattan,6436,FALSE
7/11,Tuesday,0,28.8888888888889,23.8888888888889,14,FALSE,williamsburg,7249,FALSE
7/11,Tuesday,0,28.8888888888889,23.8888888888889,14,FALSE,queensboro,5129,FALSE
7/11,Tuesday,0,28.8888888888889,23.8888888888889,14,FALSE,total,21743,FALSE
7/12,Wednesday,0,30.6111111111111,25,14,FALSE,brooklyn,2860,FALSE
7/12,Wednesday,0,30.6111111111111,25,14,FALSE,manhattan,6283,FALSE
7/12,Wednesday,0,30.6111111111111,25,14,FALSE,williamsburg,7102,FALSE
7/12,Wednesday,0,30.6111111111111,25,14,FALSE,queensboro,4929,FALSE
7/12,Wednesday,0,30.6111111111111,25,14,FALSE,total,21174,FALSE
7/13,Thursday,0,31.7222222222222,25,14,FALSE,brooklyn,2563,FALSE
7/13,Thursday,0,31.7222222222222,25,14,FALSE,manhattan,5150,FALSE
7/13,Thursday,0,31.7222222222222,25,14,FALSE,williamsburg,6116,FALSE
7/13,Thursday,0,31.7222222222222,25,14,FALSE,queensboro,4461,FALSE
7/13,Thursday,0,31.7222222222222,25,14,FALSE,total,18290,FALSE
7/14,Friday,8.89,20.6111111111111,18.2777777777778,14,TRUE,brooklyn,907,FALSE
7/14,Friday,8.89,20.6111111111111,18.2777777777778,14,TRUE,manhattan,2182,FALSE
7/14,Friday,8.89,20.6111111111111,18.2777777777778,14,TRUE,williamsburg,2974,FALSE
7/14,Friday,8.89,20.6111111111111,18.2777777777778,14,TRUE,queensboro,2147,FALSE
7/14,Friday,8.89,20.6111111111111,18.2777777777778,14,TRUE,total,8210,FALSE
7/15,Saturday,0,28.2777777777778,20,15,FALSE,brooklyn,2853,TRUE
7/15,Saturday,0,28.2777777777778,20,15,FALSE,manhattan,4857,TRUE
7/15,Saturday,0,28.2777777777778,20,15,FALSE,williamsburg,5631,TRUE
7/15,Saturday,0,28.2777777777778,20,15,FALSE,queensboro,3918,TRUE
7/15,Saturday,0,28.2777777777778,20,15,FALSE,total,17259,TRUE
7/16,Sunday,0,29.3888888888889,21.1111111111111,15,FALSE,brooklyn,2917,TRUE
7/16,Sunday,0,29.3888888888889,21.1111111111111,15,FALSE,manhattan,5190,TRUE
7/16,Sunday,0,29.3888888888889,21.1111111111111,15,FALSE,williamsburg,5370,TRUE
7/16,Sunday,0,29.3888888888889,21.1111111111111,15,FALSE,queensboro,4062,TRUE
7/16,Sunday,0,29.3888888888889,21.1111111111111,15,FALSE,total,17539,TRUE
7/17,Monday,0,29.3888888888889,23.2777777777778,15,FALSE,brooklyn,3264,FALSE
7/17,Monday,0,29.3888888888889,23.2777777777778,15,FALSE,manhattan,7316,FALSE
7/17,Monday,0,29.3888888888889,23.2777777777778,15,FALSE,williamsburg,7789,FALSE
7/17,Monday,0,29.3888888888889,23.2777777777778,15,FALSE,queensboro,5468,FALSE
7/17,Monday,0,29.3888888888889,23.2777777777778,15,FALSE,total,23837,FALSE
7/18,Tuesday,0,30.6111111111111,24.3888888888889,15,FALSE,brooklyn,3507,FALSE
7/18,Tuesday,0,30.6111111111111,24.3888888888889,15,FALSE,manhattan,7732,FALSE
7/18,Tuesday,0,30.6111111111111,24.3888888888889,15,FALSE,williamsburg,8268,FALSE
7/18,Tuesday,0,30.6111111111111,24.3888888888889,15,FALSE,queensboro,5531,FALSE
7/18,Tuesday,0,30.6111111111111,24.3888888888889,15,FALSE,total,25038,FALSE
7/19,Wednesday,0,32.7777777777778,25,15,FALSE,brooklyn,3114,FALSE
7/19,Wednesday,0,32.7777777777778,25,15,FALSE,manhattan,6710,FALSE
7/19,Wednesday,0,32.7777777777778,25,15,FALSE,williamsburg,7776,FALSE
7/19,Wednesday,0,32.7777777777778,25,15,FALSE,queensboro,5247,FALSE
7/19,Wednesday,0,32.7777777777778,25,15,FALSE,total,22847,FALSE
7/20,Thursday,0.254,33.8888888888889,25.6111111111111,15,FALSE,brooklyn,2840,FALSE
7/20,Thursday,0.254,33.8888888888889,25.6111111111111,15,FALSE,manhattan,5980,FALSE
7/20,Thursday,0.254,33.8888888888889,25.6111111111111,15,FALSE,williamsburg,6781,FALSE
7/20,Thursday,0.254,33.8888888888889,25.6111111111111,15,FALSE,queensboro,4804,FALSE
7/20,Thursday,0.254,33.8888888888889,25.6111111111111,15,FALSE,total,20405,FALSE
7/21,Friday,0,32.7777777777778,25,15,FALSE,brooklyn,2751,FALSE
7/21,Friday,0,32.7777777777778,25,15,FALSE,manhattan,5469,FALSE
7/21,Friday,0,32.7777777777778,25,15,FALSE,williamsburg,6548,FALSE
7/21,Friday,0,32.7777777777778,25,15,FALSE,queensboro,5005,FALSE
7/21,Friday,0,32.7777777777778,25,15,FALSE,total,19773,FALSE
7/22,Saturday,14.478,32.7777777777778,25.6111111111111,16,TRUE,brooklyn,2301,TRUE
7/22,Saturday,14.478,32.7777777777778,25.6111111111111,16,TRUE,manhattan,3745,TRUE
7/22,Saturday,14.478,32.7777777777778,25.6111111111111,16,TRUE,williamsburg,4535,TRUE
7/22,Saturday,14.478,32.7777777777778,25.6111111111111,16,TRUE,queensboro,3841,TRUE
7/22,Saturday,14.478,32.7777777777778,25.6111111111111,16,TRUE,total,14422,TRUE
7/23,Sunday,1.524,25.6111111111111,22.7777777777778,16,TRUE,brooklyn,2321,TRUE
7/23,Sunday,1.524,25.6111111111111,22.7777777777778,16,TRUE,manhattan,3756,TRUE
7/23,Sunday,1.524,25.6111111111111,22.7777777777778,16,TRUE,williamsburg,4096,TRUE
7/23,Sunday,1.524,25.6111111111111,22.7777777777778,16,TRUE,queensboro,3124,TRUE
7/23,Sunday,1.524,25.6111111111111,22.7777777777778,16,TRUE,total,13297,TRUE
7/24,Monday,18.796,20.6111111111111,17.2222222222222,16,TRUE,brooklyn,1576,FALSE
7/24,Monday,18.796,20.6111111111111,17.2222222222222,16,TRUE,manhattan,3584,FALSE
7/24,Monday,18.796,20.6111111111111,17.2222222222222,16,TRUE,williamsburg,3867,FALSE
7/24,Monday,18.796,20.6111111111111,17.2222222222222,16,TRUE,queensboro,2835,FALSE
7/24,Monday,18.796,20.6111111111111,17.2222222222222,16,TRUE,total,11862,FALSE
7/25,Tuesday,0,21.7222222222222,17.7777777777778,16,FALSE,brooklyn,3191,FALSE
7/25,Tuesday,0,21.7222222222222,17.7777777777778,16,FALSE,manhattan,7201,FALSE
7/25,Tuesday,0,21.7222222222222,17.7777777777778,16,FALSE,williamsburg,7496,FALSE
7/25,Tuesday,0,21.7222222222222,17.7777777777778,16,FALSE,queensboro,5698,FALSE
7/25,Tuesday,0,21.7222222222222,17.7777777777778,16,FALSE,total,23586,FALSE
7/26,Wednesday,0,24.3888888888889,18.8888888888889,16,FALSE,brooklyn,3821,FALSE
7/26,Wednesday,0,24.3888888888889,18.8888888888889,16,FALSE,manhattan,7987,FALSE
7/26,Wednesday,0,24.3888888888889,18.8888888888889,16,FALSE,williamsburg,8605,FALSE
7/26,Wednesday,0,24.3888888888889,18.8888888888889,16,FALSE,queensboro,6556,FALSE
7/26,Wednesday,0,24.3888888888889,18.8888888888889,16,FALSE,total,26969,FALSE
7/27,Thursday,0.254,25,19.3888888888889,16,FALSE,brooklyn,3287,FALSE
7/27,Thursday,0.254,25,19.3888888888889,16,FALSE,manhattan,6624,FALSE
7/27,Thursday,0.254,25,19.3888888888889,16,FALSE,williamsburg,7221,FALSE
7/27,Thursday,0.254,25,19.3888888888889,16,FALSE,queensboro,5997,FALSE
7/27,Thursday,0.254,25,19.3888888888889,16,FALSE,total,23129,FALSE
7/28,Friday,0,29.3888888888889,22.7777777777778,16,FALSE,brooklyn,3123,FALSE
7/28,Friday,0,29.3888888888889,22.7777777777778,16,FALSE,manhattan,6135,FALSE
7/28,Friday,0,29.3888888888889,22.7777777777778,16,FALSE,williamsburg,6987,FALSE
7/28,Friday,0,29.3888888888889,22.7777777777778,16,FALSE,queensboro,5496,FALSE
7/28,Friday,0,29.3888888888889,22.7777777777778,16,FALSE,total,21741,FALSE
7/29,Saturday,0,24.3888888888889,20,17,FALSE,brooklyn,2074,TRUE
7/29,Saturday,0,24.3888888888889,20,17,FALSE,manhattan,3787,TRUE
7/29,Saturday,0,24.3888888888889,20,17,FALSE,williamsburg,5242,TRUE
7/29,Saturday,0,24.3888888888889,20,17,FALSE,queensboro,3711,TRUE
7/29,Saturday,0,24.3888888888889,20,17,FALSE,total,14814,TRUE
7/30,Sunday,0,27.2222222222222,18.2777777777778,17,FALSE,brooklyn,3331,TRUE
7/30,Sunday,0,27.2222222222222,18.2777777777778,17,FALSE,manhattan,5282,TRUE
7/30,Sunday,0,27.2222222222222,18.2777777777778,17,FALSE,williamsburg,5759,TRUE
7/30,Sunday,0,27.2222222222222,18.2777777777778,17,FALSE,queensboro,4324,TRUE
7/30,Sunday,0,27.2222222222222,18.2777777777778,17,FALSE,total,18696,TRUE
7/31,Monday,0,31.1111111111111,19.3888888888889,17,FALSE,brooklyn,3560,FALSE
7/31,Monday,0,31.1111111111111,19.3888888888889,17,FALSE,manhattan,7404,FALSE
7/31,Monday,0,31.1111111111111,19.3888888888889,17,FALSE,williamsburg,7546,FALSE
7/31,Monday,0,31.1111111111111,19.3888888888889,17,FALSE,queensboro,5774,FALSE
7/31,Monday,0,31.1111111111111,19.3888888888889,17,FALSE,total,24284,FALSE
8/1,Tuesday,0,32.7777777777778,22.2222222222222,17,FALSE,brooklyn,3492,FALSE
8/1,Tuesday,0,32.7777777777778,22.2222222222222,17,FALSE,manhattan,7290,FALSE
8/1,Tuesday,0,32.7777777777778,22.2222222222222,17,FALSE,williamsburg,7686,FALSE
8/1,Tuesday,0,32.7777777777778,22.2222222222222,17,FALSE,queensboro,6050,FALSE
8/1,Tuesday,0,32.7777777777778,22.2222222222222,17,FALSE,total,24518,FALSE
8/2,Wednesday,2.286,30,20.6111111111111,17,TRUE,brooklyn,2637,FALSE
8/2,Wednesday,2.286,30,20.6111111111111,17,TRUE,manhattan,5966,FALSE
8/2,Wednesday,2.286,30,20.6111111111111,17,TRUE,williamsburg,6407,FALSE
8/2,Wednesday,2.286,30,20.6111111111111,17,TRUE,queensboro,5288,FALSE
8/2,Wednesday,2.286,30,20.6111111111111,17,TRUE,total,20298,FALSE
8/3,Thursday,0,30,21.1111111111111,17,FALSE,brooklyn,3346,FALSE
8/3,Thursday,0,30,21.1111111111111,17,FALSE,manhattan,6728,FALSE
8/3,Thursday,0,30,21.1111111111111,17,FALSE,williamsburg,7297,FALSE
8/3,Thursday,0,30,21.1111111111111,17,FALSE,queensboro,5835,FALSE
8/3,Thursday,0,30,21.1111111111111,17,FALSE,total,23206,FALSE
8/4,Friday,3.81,28.2777777777778,21.1111111111111,17,TRUE,brooklyn,2400,FALSE
8/4,Friday,3.81,28.2777777777778,21.1111111111111,17,TRUE,manhattan,4447,FALSE
8/4,Friday,3.81,28.2777777777778,21.1111111111111,17,TRUE,williamsburg,5158,FALSE
8/4,Friday,3.81,28.2777777777778,21.1111111111111,17,TRUE,queensboro,4427,FALSE
8/4,Friday,3.81,28.2777777777778,21.1111111111111,17,TRUE,total,16432,FALSE
8/5,Saturday,7.62,25,21.1111111111111,18,TRUE,brooklyn,3409,TRUE
8/5,Saturday,7.62,25,21.1111111111111,18,TRUE,manhattan,4520,TRUE
8/5,Saturday,7.62,25,21.1111111111111,18,TRUE,williamsburg,5169,TRUE
8/5,Saturday,7.62,25,21.1111111111111,18,TRUE,queensboro,3907,TRUE
8/5,Saturday,7.62,25,21.1111111111111,18,TRUE,total,17005,TRUE
8/6,Sunday,0,24.3888888888889,17.7777777777778,18,FALSE,brooklyn,3130,TRUE
8/6,Sunday,0,24.3888888888889,17.7777777777778,18,FALSE,manhattan,5088,TRUE
8/6,Sunday,0,24.3888888888889,17.7777777777778,18,FALSE,williamsburg,5634,TRUE
8/6,Sunday,0,24.3888888888889,17.7777777777778,18,FALSE,queensboro,4207,TRUE
8/6,Sunday,0,24.3888888888889,17.7777777777778,18,FALSE,total,18059,TRUE
8/7,Monday,19.304,21.7222222222222,18.2777777777778,18,TRUE,brooklyn,804,FALSE
8/7,Monday,19.304,21.7222222222222,18.2777777777778,18,TRUE,manhattan,1809,FALSE
8/7,Monday,19.304,21.7222222222222,18.2777777777778,18,TRUE,williamsburg,2669,FALSE
8/7,Monday,19.304,21.7222222222222,18.2777777777778,18,TRUE,queensboro,2441,FALSE
8/7,Monday,19.304,21.7222222222222,18.2777777777778,18,TRUE,total,7723,FALSE
8/8,Tuesday,0,25,18.8888888888889,18,FALSE,brooklyn,3598,FALSE
8/8,Tuesday,0,25,18.8888888888889,18,FALSE,manhattan,7176,FALSE
8/8,Tuesday,0,25,18.8888888888889,18,FALSE,williamsburg,7571,FALSE
8/8,Tuesday,0,25,18.8888888888889,18,FALSE,queensboro,5932,FALSE
8/8,Tuesday,0,25,18.8888888888889,18,FALSE,total,24277,FALSE
8/9,Wednesday,0,28.2777777777778,18.8888888888889,18,FALSE,brooklyn,3893,FALSE
8/9,Wednesday,0,28.2777777777778,18.8888888888889,18,FALSE,manhattan,7791,FALSE
8/9,Wednesday,0,28.2777777777778,18.8888888888889,18,FALSE,williamsburg,8589,FALSE
8/9,Wednesday,0,28.2777777777778,18.8888888888889,18,FALSE,queensboro,6582,FALSE
8/9,Wednesday,0,28.2777777777778,18.8888888888889,18,FALSE,total,26855,FALSE
8/10,Thursday,0,28.2777777777778,20.6111111111111,18,FALSE,brooklyn,3423,FALSE
8/10,Thursday,0,28.2777777777778,20.6111111111111,18,FALSE,manhattan,7378,FALSE
8/10,Thursday,0,28.2777777777778,20.6111111111111,18,FALSE,williamsburg,7850,FALSE
8/10,Thursday,0,28.2777777777778,20.6111111111111,18,FALSE,queensboro,6290,FALSE
8/10,Thursday,0,28.2777777777778,20.6111111111111,18,FALSE,total,24941,FALSE
8/11,Friday,0.254,27.2222222222222,21.1111111111111,18,FALSE,brooklyn,3148,FALSE
8/11,Friday,0.254,27.2222222222222,21.1111111111111,18,FALSE,manhattan,6295,FALSE
8/11,Friday,0.254,27.2222222222222,21.1111111111111,18,FALSE,williamsburg,7068,FALSE
8/11,Friday,0.254,27.2222222222222,21.1111111111111,18,FALSE,queensboro,5669,FALSE
8/11,Friday,0.254,27.2222222222222,21.1111111111111,18,FALSE,total,22180,FALSE
8/12,Saturday,2.794,24.3888888888889,18.2777777777778,19,TRUE,brooklyn,4146,TRUE
8/12,Saturday,2.794,24.3888888888889,18.2777777777778,19,TRUE,manhattan,4593,TRUE
8/12,Saturday,2.794,24.3888888888889,18.2777777777778,19,TRUE,williamsburg,5443,TRUE
8/12,Saturday,2.794,24.3888888888889,18.2777777777778,19,TRUE,queensboro,4548,TRUE
8/12,Saturday,2.794,24.3888888888889,18.2777777777778,19,TRUE,total,18730,TRUE
8/13,Sunday,0,27.7777777777778,21.7222222222222,19,FALSE,brooklyn,3274,TRUE
8/13,Sunday,0,27.7777777777778,21.7222222222222,19,FALSE,manhattan,5086,TRUE
8/13,Sunday,0,27.7777777777778,21.7222222222222,19,FALSE,williamsburg,5419,TRUE
8/13,Sunday,0,27.7777777777778,21.7222222222222,19,FALSE,queensboro,4430,TRUE
8/13,Sunday,0,27.7777777777778,21.7222222222222,19,FALSE,total,18209,TRUE
8/14,Monday,0,26.7222222222222,21.1111111111111,19,FALSE,brooklyn,3291,FALSE
8/14,Monday,0,26.7222222222222,21.1111111111111,19,FALSE,manhattan,6717,FALSE
8/14,Monday,0,26.7222222222222,21.1111111111111,19,FALSE,williamsburg,7301,FALSE
8/14,Monday,0,26.7222222222222,21.1111111111111,19,FALSE,queensboro,5850,FALSE
8/14,Monday,0,26.7222222222222,21.1111111111111,19,FALSE,total,23159,FALSE
8/15,Tuesday,11.43,22.7777777777778,20.6111111111111,19,TRUE,brooklyn,2149,FALSE
8/15,Tuesday,11.43,22.7777777777778,20.6111111111111,19,TRUE,manhattan,4987,FALSE
8/15,Tuesday,11.43,22.7777777777778,20.6111111111111,19,TRUE,williamsburg,5976,FALSE
8/15,Tuesday,11.43,22.7777777777778,20.6111111111111,19,TRUE,queensboro,4711,FALSE
8/15,Tuesday,11.43,22.7777777777778,20.6111111111111,19,TRUE,total,17823,FALSE
8/16,Wednesday,0,29.3888888888889,21.1111111111111,19,FALSE,brooklyn,3685,FALSE
8/16,Wednesday,0,29.3888888888889,21.1111111111111,19,FALSE,manhattan,7191,FALSE
8/16,Wednesday,0,29.3888888888889,21.1111111111111,19,FALSE,williamsburg,7852,FALSE
8/16,Wednesday,0,29.3888888888889,21.1111111111111,19,FALSE,queensboro,6231,FALSE
8/16,Wednesday,0,29.3888888888889,21.1111111111111,19,FALSE,total,24959,FALSE
8/17,Thursday,0,27.7777777777778,21.7222222222222,19,FALSE,brooklyn,3637,FALSE
8/17,Thursday,0,27.7777777777778,21.7222222222222,19,FALSE,manhattan,6972,FALSE
8/17,Thursday,0,27.7777777777778,21.7222222222222,19,FALSE,williamsburg,7871,FALSE
8/17,Thursday,0,27.7777777777778,21.7222222222222,19,FALSE,queensboro,6129,FALSE
8/17,Thursday,0,27.7777777777778,21.7222222222222,19,FALSE,total,24609,FALSE
8/18,Friday,22.352,27.2222222222222,22.7777777777778,19,TRUE,brooklyn,1064,FALSE
8/18,Friday,22.352,27.2222222222222,22.7777777777778,19,TRUE,manhattan,2309,FALSE
8/18,Friday,22.352,27.2222222222222,22.7777777777778,19,TRUE,williamsburg,3113,FALSE
8/18,Friday,22.352,27.2222222222222,22.7777777777778,19,TRUE,queensboro,2819,FALSE
8/18,Friday,22.352,27.2222222222222,22.7777777777778,19,TRUE,total,9305,FALSE
8/19,Saturday,0,29.3888888888889,22.7777777777778,20,FALSE,brooklyn,4693,TRUE
8/19,Saturday,0,29.3888888888889,22.7777777777778,20,FALSE,manhattan,4871,TRUE
8/19,Saturday,0,29.3888888888889,22.7777777777778,20,FALSE,williamsburg,5612,TRUE
8/19,Saturday,0,29.3888888888889,22.7777777777778,20,FALSE,queensboro,4958,TRUE
8/19,Saturday,0,29.3888888888889,22.7777777777778,20,FALSE,total,20134,TRUE
8/20,Sunday,0,27.2222222222222,21.1111111111111,20,FALSE,brooklyn,2822,TRUE
8/20,Sunday,0,27.2222222222222,21.1111111111111,20,FALSE,manhattan,4582,TRUE
8/20,Sunday,0,27.2222222222222,21.1111111111111,20,FALSE,williamsburg,5182,TRUE
8/20,Sunday,0,27.2222222222222,21.1111111111111,20,FALSE,queensboro,4188,TRUE
8/20,Sunday,0,27.2222222222222,21.1111111111111,20,FALSE,total,16774,TRUE
8/21,Monday,0,29.3888888888889,22.7777777777778,20,FALSE,brooklyn,3088,FALSE
8/21,Monday,0,29.3888888888889,22.7777777777778,20,FALSE,manhattan,6400,FALSE
8/21,Monday,0,29.3888888888889,22.7777777777778,20,FALSE,williamsburg,7141,FALSE
8/21,Monday,0,29.3888888888889,22.7777777777778,20,FALSE,queensboro,5666,FALSE
8/21,Monday,0,29.3888888888889,22.7777777777778,20,FALSE,total,22295,FALSE
8/22,Tuesday,7.62,31.1111111111111,23.8888888888889,20,TRUE,brooklyn,2983,FALSE
8/22,Tuesday,7.62,31.1111111111111,23.8888888888889,20,TRUE,manhattan,6151,FALSE
8/22,Tuesday,7.62,31.1111111111111,23.8888888888889,20,TRUE,williamsburg,7146,FALSE
8/22,Tuesday,7.62,31.1111111111111,23.8888888888889,20,TRUE,queensboro,5795,FALSE
8/22,Tuesday,7.62,31.1111111111111,23.8888888888889,20,TRUE,total,22075,FALSE
8/23,Wednesday,0.254,26.7222222222222,21.7222222222222,20,FALSE,brooklyn,2994,FALSE
8/23,Wednesday,0.254,26.7222222222222,21.7222222222222,20,FALSE,manhattan,6586,FALSE
8/23,Wednesday,0.254,26.7222222222222,21.7222222222222,20,FALSE,williamsburg,7297,FALSE
8/23,Wednesday,0.254,26.7222222222222,21.7222222222222,20,FALSE,queensboro,6122,FALSE
8/23,Wednesday,0.254,26.7222222222222,21.7222222222222,20,FALSE,total,22999,FALSE
8/24,Thursday,0,26.1111111111111,18.8888888888889,20,FALSE,brooklyn,3688,FALSE
8/24,Thursday,0,26.1111111111111,18.8888888888889,20,FALSE,manhattan,7061,FALSE
8/24,Thursday,0,26.1111111111111,18.8888888888889,20,FALSE,williamsburg,7849,FALSE
8/24,Thursday,0,26.1111111111111,18.8888888888889,20,FALSE,queensboro,6289,FALSE
8/24,Thursday,0,26.1111111111111,18.8888888888889,20,FALSE,total,24887,FALSE
8/25,Friday,0,25.6111111111111,17.7777777777778,20,FALSE,brooklyn,3144,FALSE
8/25,Friday,0,25.6111111111111,17.7777777777778,20,FALSE,manhattan,6296,FALSE
8/25,Friday,0,25.6111111111111,17.7777777777778,20,FALSE,williamsburg,7318,FALSE
8/25,Friday,0,25.6111111111111,17.7777777777778,20,FALSE,queensboro,5786,FALSE
8/25,Friday,0,25.6111111111111,17.7777777777778,20,FALSE,total,22544,FALSE
8/26,Saturday,0,25,16.7222222222222,21,FALSE,brooklyn,2710,TRUE
8/26,Saturday,0,25,16.7222222222222,21,FALSE,manhattan,4592,TRUE
8/26,Saturday,0,25,16.7222222222222,21,FALSE,williamsburg,5537,TRUE
8/26,Saturday,0,25,16.7222222222222,21,FALSE,queensboro,4670,TRUE
8/26,Saturday,0,25,16.7222222222222,21,FALSE,total,17509,TRUE
8/27,Sunday,0,25,17.2222222222222,21,FALSE,brooklyn,2676,TRUE
8/27,Sunday,0,25,17.2222222222222,21,FALSE,manhattan,4785,TRUE
8/27,Sunday,0,25,17.2222222222222,21,FALSE,williamsburg,5145,TRUE
8/27,Sunday,0,25,17.2222222222222,21,FALSE,queensboro,4159,TRUE
8/27,Sunday,0,25,17.2222222222222,21,FALSE,total,16765,TRUE
8/28,Monday,0,23.8888888888889,17.2222222222222,21,FALSE,brooklyn,3332,FALSE
8/28,Monday,0,23.8888888888889,17.2222222222222,21,FALSE,manhattan,6908,FALSE
8/28,Monday,0,23.8888888888889,17.2222222222222,21,FALSE,williamsburg,7343,FALSE
8/28,Monday,0,23.8888888888889,17.2222222222222,21,FALSE,queensboro,5917,FALSE
8/28,Monday,0,23.8888888888889,17.2222222222222,21,FALSE,total,23500,FALSE
8/29,Tuesday,2.54,20,16.7222222222222,21,TRUE,brooklyn,1472,FALSE
8/29,Tuesday,2.54,20,16.7222222222222,21,TRUE,manhattan,3206,FALSE
8/29,Tuesday,2.54,20,16.7222222222222,21,TRUE,williamsburg,3776,FALSE
8/29,Tuesday,2.54,20,16.7222222222222,21,TRUE,queensboro,3563,FALSE
8/29,Tuesday,2.54,20,16.7222222222222,21,TRUE,total,12017,FALSE
8/30,Wednesday,0.254,24.3888888888889,16.1111111111111,21,FALSE,brooklyn,3468,FALSE
8/30,Wednesday,0.254,24.3888888888889,16.1111111111111,21,FALSE,manhattan,7159,FALSE
8/30,Wednesday,0.254,24.3888888888889,16.1111111111111,21,FALSE,williamsburg,7656,FALSE
8/30,Wednesday,0.254,24.3888888888889,16.1111111111111,21,FALSE,queensboro,5858,FALSE
8/30,Wednesday,0.254,24.3888888888889,16.1111111111111,21,FALSE,total,24141,FALSE
8/31,Thursday,0,27.2222222222222,17.7777777777778,21,FALSE,brooklyn,3279,FALSE
8/31,Thursday,0,27.2222222222222,17.7777777777778,21,FALSE,manhattan,6705,FALSE
8/31,Thursday,0,27.2222222222222,17.7777777777778,21,FALSE,williamsburg,7536,FALSE
8/31,Thursday,0,27.2222222222222,17.7777777777778,21,FALSE,queensboro,5934,FALSE
8/31,Thursday,0,27.2222222222222,17.7777777777778,21,FALSE,total,23454,FALSE
9/1,Friday,0,21.1111111111111,12.7777777777778,21,FALSE,brooklyn,2945,FALSE
9/1,Friday,0,21.1111111111111,12.7777777777778,21,FALSE,manhattan,5611,FALSE
9/1,Friday,0,21.1111111111111,12.7777777777778,21,FALSE,williamsburg,6576,FALSE
9/1,Friday,0,21.1111111111111,12.7777777777778,21,FALSE,queensboro,5398,FALSE
9/1,Friday,0,21.1111111111111,12.7777777777778,21,FALSE,total,20530,FALSE
9/2,Saturday,13.462,19.3888888888889,12.2222222222222,22,TRUE,brooklyn,1876,TRUE
9/2,Saturday,13.462,19.3888888888889,12.2222222222222,22,TRUE,manhattan,3121,TRUE
9/2,Saturday,13.462,19.3888888888889,12.2222222222222,22,TRUE,williamsburg,3625,TRUE
9/2,Saturday,13.462,19.3888888888889,12.2222222222222,22,TRUE,queensboro,3325,TRUE
9/2,Saturday,13.462,19.3888888888889,12.2222222222222,22,TRUE,total,11947,TRUE
9/3,Sunday,18.796,20.6111111111111,15.6111111111111,22,TRUE,brooklyn,1004,TRUE
9/3,Sunday,18.796,20.6111111111111,15.6111111111111,22,TRUE,manhattan,1867,TRUE
9/3,Sunday,18.796,20.6111111111111,15.6111111111111,22,TRUE,williamsburg,2479,TRUE
9/3,Sunday,18.796,20.6111111111111,15.6111111111111,22,TRUE,queensboro,1711,TRUE
9/3,Sunday,18.796,20.6111111111111,15.6111111111111,22,TRUE,total,7061,TRUE
9/4,Monday,0,26.1111111111111,16.7222222222222,22,FALSE,brooklyn,2866,FALSE
9/4,Monday,0,26.1111111111111,16.7222222222222,22,FALSE,manhattan,4766,FALSE
9/4,Monday,0,26.1111111111111,16.7222222222222,22,FALSE,williamsburg,4882,FALSE
9/4,Monday,0,26.1111111111111,16.7222222222222,22,FALSE,queensboro,4346,FALSE
9/4,Monday,0,26.1111111111111,16.7222222222222,22,FALSE,total,16860,FALSE
9/5,Tuesday,0.254,28.8888888888889,21.1111111111111,22,FALSE,brooklyn,3244,FALSE
9/5,Tuesday,0.254,28.8888888888889,21.1111111111111,22,FALSE,manhattan,7244,FALSE
9/5,Tuesday,0.254,28.8888888888889,21.1111111111111,22,FALSE,williamsburg,7537,FALSE
9/5,Tuesday,0.254,28.8888888888889,21.1111111111111,22,FALSE,queensboro,5906,FALSE
9/5,Tuesday,0.254,28.8888888888889,21.1111111111111,22,FALSE,total,23931,FALSE
9/6,Wednesday,10.668,21.1111111111111,16.7222222222222,22,TRUE,brooklyn,1232,FALSE
9/6,Wednesday,10.668,21.1111111111111,16.7222222222222,22,TRUE,manhattan,2672,FALSE
9/6,Wednesday,10.668,21.1111111111111,16.7222222222222,22,TRUE,williamsburg,3310,FALSE
9/6,Wednesday,10.668,21.1111111111111,16.7222222222222,22,TRUE,queensboro,2951,FALSE
9/6,Wednesday,10.668,21.1111111111111,16.7222222222222,22,TRUE,total,10165,FALSE
9/7,Thursday,0.254,21.7222222222222,15,22,FALSE,brooklyn,3249,FALSE
9/7,Thursday,0.254,21.7222222222222,15,22,FALSE,manhattan,7059,FALSE
9/7,Thursday,0.254,21.7222222222222,15,22,FALSE,williamsburg,7717,FALSE
9/7,Thursday,0.254,21.7222222222222,15,22,FALSE,queensboro,5923,FALSE
9/7,Thursday,0.254,21.7222222222222,15,22,FALSE,total,23948,FALSE
9/8,Friday,0,21.1111111111111,15,22,FALSE,brooklyn,3234,FALSE
9/8,Friday,0,21.1111111111111,15,22,FALSE,manhattan,6850,FALSE
9/8,Friday,0,21.1111111111111,15,22,FALSE,williamsburg,7739,FALSE
9/8,Friday,0,21.1111111111111,15,22,FALSE,queensboro,5836,FALSE
9/8,Friday,0,21.1111111111111,15,22,FALSE,total,23659,FALSE
9/9,Saturday,0,20.6111111111111,12.7777777777778,23,FALSE,brooklyn,2609,TRUE
9/9,Saturday,0,20.6111111111111,12.7777777777778,23,FALSE,manhattan,5035,TRUE
9/9,Saturday,0,20.6111111111111,12.7777777777778,23,FALSE,williamsburg,5849,TRUE
9/9,Saturday,0,20.6111111111111,12.7777777777778,23,FALSE,queensboro,4471,TRUE
9/9,Saturday,0,20.6111111111111,12.7777777777778,23,FALSE,total,17964,TRUE
9/10,Sunday,0,22.2222222222222,13.8888888888889,23,FALSE,brooklyn,4960,TRUE
9/10,Sunday,0,22.2222222222222,13.8888888888889,23,FALSE,manhattan,5673,TRUE
9/10,Sunday,0,22.2222222222222,13.8888888888889,23,FALSE,williamsburg,5773,TRUE
9/10,Sunday,0,22.2222222222222,13.8888888888889,23,FALSE,queensboro,4381,TRUE
9/10,Sunday,0,22.2222222222222,13.8888888888889,23,FALSE,total,20787,TRUE
9/11,Monday,0,24.3888888888889,12.7777777777778,23,FALSE,brooklyn,3657,FALSE
9/11,Monday,0,24.3888888888889,12.7777777777778,23,FALSE,manhattan,7783,FALSE
9/11,Monday,0,24.3888888888889,12.7777777777778,23,FALSE,williamsburg,8254,FALSE
9/11,Monday,0,24.3888888888889,12.7777777777778,23,FALSE,queensboro,5986,FALSE
9/11,Monday,0,24.3888888888889,12.7777777777778,23,FALSE,total,25680,FALSE
9/12,Tuesday,0,25.6111111111111,16.1111111111111,23,FALSE,brooklyn,3497,FALSE
9/12,Tuesday,0,25.6111111111111,16.1111111111111,23,FALSE,manhattan,7983,FALSE
9/12,Tuesday,0,25.6111111111111,16.1111111111111,23,FALSE,williamsburg,8756,FALSE
9/12,Tuesday,0,25.6111111111111,16.1111111111111,23,FALSE,queensboro,6386,FALSE
9/12,Tuesday,0,25.6111111111111,16.1111111111111,23,FALSE,total,26622,FALSE
9/13,Wednesday,1.524,27.7777777777778,18.2777777777778,23,TRUE,brooklyn,2994,FALSE
9/13,Wednesday,1.524,27.7777777777778,18.2777777777778,23,TRUE,manhattan,7461,FALSE
9/13,Wednesday,1.524,27.7777777777778,18.2777777777778,23,TRUE,williamsburg,8095,FALSE
9/13,Wednesday,1.524,27.7777777777778,18.2777777777778,23,TRUE,queensboro,6213,FALSE
9/13,Wednesday,1.524,27.7777777777778,18.2777777777778,23,TRUE,total,24763,FALSE
9/14,Thursday,0.508,27.2222222222222,21.1111111111111,23,FALSE,brooklyn,3013,FALSE
9/14,Thursday,0.508,27.2222222222222,21.1111111111111,23,FALSE,manhattan,6703,FALSE
9/14,Thursday,0.508,27.2222222222222,21.1111111111111,23,FALSE,williamsburg,7629,FALSE
9/14,Thursday,0.508,27.2222222222222,21.1111111111111,23,FALSE,queensboro,5697,FALSE
9/14,Thursday,0.508,27.2222222222222,21.1111111111111,23,FALSE,total,23042,FALSE
9/15,Friday,0,27.2222222222222,19.3888888888889,23,FALSE,brooklyn,3344,FALSE
9/15,Friday,0,27.2222222222222,19.3888888888889,23,FALSE,manhattan,6998,FALSE
9/15,Friday,0,27.2222222222222,19.3888888888889,23,FALSE,williamsburg,7749,FALSE
9/15,Friday,0,27.2222222222222,19.3888888888889,23,FALSE,queensboro,5853,FALSE
9/15,Friday,0,27.2222222222222,19.3888888888889,23,FALSE,total,23944,FALSE
9/16,Saturday,0,27.7777777777778,21.1111111111111,24,FALSE,brooklyn,2560,TRUE
9/16,Saturday,0,27.7777777777778,21.1111111111111,24,FALSE,manhattan,4860,TRUE
9/16,Saturday,0,27.7777777777778,21.1111111111111,24,FALSE,williamsburg,5568,TRUE
9/16,Saturday,0,27.7777777777778,21.1111111111111,24,FALSE,queensboro,4532,TRUE
9/16,Saturday,0,27.7777777777778,21.1111111111111,24,FALSE,total,17520,TRUE
9/17,Sunday,0,26.7222222222222,21.1111111111111,24,FALSE,brooklyn,2676,TRUE
9/17,Sunday,0,26.7222222222222,21.1111111111111,24,FALSE,manhattan,4935,TRUE
9/17,Sunday,0,26.7222222222222,21.1111111111111,24,FALSE,williamsburg,5599,TRUE
9/17,Sunday,0,26.7222222222222,21.1111111111111,24,FALSE,queensboro,4032,TRUE
9/17,Sunday,0,26.7222222222222,21.1111111111111,24,FALSE,total,17242,TRUE
9/18,Monday,0,22.7777777777778,20.6111111111111,24,FALSE,brooklyn,2673,FALSE
9/18,Monday,0,22.7777777777778,20.6111111111111,24,FALSE,manhattan,6338,FALSE
9/18,Monday,0,22.7777777777778,20.6111111111111,24,FALSE,williamsburg,6708,FALSE
9/18,Monday,0,22.7777777777778,20.6111111111111,24,FALSE,queensboro,4864,FALSE
9/18,Monday,0,22.7777777777778,20.6111111111111,24,FALSE,total,20583,FALSE
9/19,Tuesday,5.588,25.6111111111111,20.6111111111111,24,TRUE,brooklyn,2012,FALSE
9/19,Tuesday,5.588,25.6111111111111,20.6111111111111,24,TRUE,manhattan,4726,FALSE
9/19,Tuesday,5.588,25.6111111111111,20.6111111111111,24,TRUE,williamsburg,5729,FALSE
9/19,Tuesday,5.588,25.6111111111111,20.6111111111111,24,TRUE,queensboro,4171,FALSE
9/19,Tuesday,5.588,25.6111111111111,20.6111111111111,24,TRUE,total,16638,FALSE
9/20,Wednesday,0,25.6111111111111,21.7222222222222,24,FALSE,brooklyn,3296,FALSE
9/20,Wednesday,0,25.6111111111111,21.7222222222222,24,FALSE,manhattan,6826,FALSE
9/20,Wednesday,0,25.6111111111111,21.7222222222222,24,FALSE,williamsburg,7518,FALSE
9/20,Wednesday,0,25.6111111111111,21.7222222222222,24,FALSE,queensboro,5570,FALSE
9/20,Wednesday,0,25.6111111111111,21.7222222222222,24,FALSE,total,23210,FALSE
9/21,Thursday,0,26.7222222222222,21.7222222222222,24,FALSE,brooklyn,3317,FALSE
9/21,Thursday,0,26.7222222222222,21.7222222222222,24,FALSE,manhattan,6663,FALSE
9/21,Thursday,0,26.7222222222222,21.7222222222222,24,FALSE,williamsburg,8151,FALSE
9/21,Thursday,0,26.7222222222222,21.7222222222222,24,FALSE,queensboro,5792,FALSE
9/21,Thursday,0,26.7222222222222,21.7222222222222,24,FALSE,total,23923,FALSE
9/22,Friday,0,27.7777777777778,18.8888888888889,24,FALSE,brooklyn,3297,FALSE
9/22,Friday,0,27.7777777777778,18.8888888888889,24,FALSE,manhattan,6272,FALSE
9/22,Friday,0,27.7777777777778,18.8888888888889,24,FALSE,williamsburg,7570,FALSE
9/22,Friday,0,27.7777777777778,18.8888888888889,24,FALSE,queensboro,5547,FALSE
9/22,Friday,0,27.7777777777778,18.8888888888889,24,FALSE,total,22686,FALSE
9/23,Saturday,0,30,20,25,FALSE,brooklyn,2810,TRUE
9/23,Saturday,0,30,20,25,FALSE,manhattan,4940,TRUE
9/23,Saturday,0,30,20,25,FALSE,williamsburg,6167,TRUE
9/23,Saturday,0,30,20,25,FALSE,queensboro,4635,TRUE
9/23,Saturday,0,30,20,25,FALSE,total,18552,TRUE
9/24,Sunday,0,32.2222222222222,20.6111111111111,25,FALSE,brooklyn,2543,TRUE
9/24,Sunday,0,32.2222222222222,20.6111111111111,25,FALSE,manhattan,4500,TRUE
9/24,Sunday,0,32.2222222222222,20.6111111111111,25,FALSE,williamsburg,5083,TRUE
9/24,Sunday,0,32.2222222222222,20.6111111111111,25,FALSE,queensboro,3977,TRUE
9/24,Sunday,0,32.2222222222222,20.6111111111111,25,FALSE,total,16103,TRUE
9/25,Monday,0,30.6111111111111,22.2222222222222,25,FALSE,brooklyn,3276,FALSE
9/25,Monday,0,30.6111111111111,22.2222222222222,25,FALSE,manhattan,7227,FALSE
9/25,Monday,0,30.6111111111111,22.2222222222222,25,FALSE,williamsburg,7708,FALSE
9/25,Monday,0,30.6111111111111,22.2222222222222,25,FALSE,queensboro,5941,FALSE
9/25,Monday,0,30.6111111111111,22.2222222222222,25,FALSE,total,24152,FALSE
9/26,Tuesday,0,27.7777777777778,20.6111111111111,25,FALSE,brooklyn,3157,FALSE
9/26,Tuesday,0,27.7777777777778,20.6111111111111,25,FALSE,manhattan,7676,FALSE
9/26,Tuesday,0,27.7777777777778,20.6111111111111,25,FALSE,williamsburg,8150,FALSE
9/26,Tuesday,0,27.7777777777778,20.6111111111111,25,FALSE,queensboro,6179,FALSE
9/26,Tuesday,0,27.7777777777778,20.6111111111111,25,FALSE,total,25162,FALSE
9/27,Wednesday,0,29.3888888888889,21.7222222222222,25,FALSE,brooklyn,3216,FALSE
9/27,Wednesday,0,29.3888888888889,21.7222222222222,25,FALSE,manhattan,7313,FALSE
9/27,Wednesday,0,29.3888888888889,21.7222222222222,25,FALSE,williamsburg,7983,FALSE
9/27,Wednesday,0,29.3888888888889,21.7222222222222,25,FALSE,queensboro,6309,FALSE
9/27,Wednesday,0,29.3888888888889,21.7222222222222,25,FALSE,total,24821,FALSE
9/28,Thursday,0,25.6111111111111,18.8888888888889,25,FALSE,brooklyn,3421,FALSE
9/28,Thursday,0,25.6111111111111,18.8888888888889,25,FALSE,manhattan,7301,FALSE
9/28,Thursday,0,25.6111111111111,18.8888888888889,25,FALSE,williamsburg,8118,FALSE
9/28,Thursday,0,25.6111111111111,18.8888888888889,25,FALSE,queensboro,6277,FALSE
9/28,Thursday,0,25.6111111111111,18.8888888888889,25,FALSE,total,25117,FALSE
9/29,Friday,0,19.3888888888889,12.7777777777778,25,FALSE,brooklyn,2988,FALSE
9/29,Friday,0,19.3888888888889,12.7777777777778,25,FALSE,manhattan,6221,FALSE
9/29,Friday,0,19.3888888888889,12.7777777777778,25,FALSE,williamsburg,7659,FALSE
9/29,Friday,0,19.3888888888889,12.7777777777778,25,FALSE,queensboro,5677,FALSE
9/29,Friday,0,19.3888888888889,12.7777777777778,25,FALSE,total,22545,FALSE
9/30,Saturday,0,17.7777777777778,13.2777777777778,26,FALSE,brooklyn,1903,TRUE
9/30,Saturday,0,17.7777777777778,13.2777777777778,26,FALSE,manhattan,3507,TRUE
9/30,Saturday,0,17.7777777777778,13.2777777777778,26,FALSE,williamsburg,4749,TRUE
9/30,Saturday,0,17.7777777777778,13.2777777777778,26,FALSE,queensboro,3729,TRUE
9/30,Saturday,0,17.7777777777778,13.2777777777778,26,FALSE,total,13888,TRUE
10/1,Sunday,0,19.3888888888889,10,26,FALSE,brooklyn,2297,TRUE
10/1,Sunday,0,19.3888888888889,10,26,FALSE,manhattan,4540,TRUE
10/1,Sunday,0,19.3888888888889,10,26,FALSE,williamsburg,5046,TRUE
10/1,Sunday,0,19.3888888888889,10,26,FALSE,queensboro,4092,TRUE
10/1,Sunday,0,19.3888888888889,10,26,FALSE,total,15975,TRUE
10/2,Monday,0,22.2222222222222,11.1111111111111,26,FALSE,brooklyn,3387,FALSE
10/2,Monday,0,22.2222222222222,11.1111111111111,26,FALSE,manhattan,7059,FALSE
10/2,Monday,0,22.2222222222222,11.1111111111111,26,FALSE,williamsburg,7616,FALSE
10/2,Monday,0,22.2222222222222,11.1111111111111,26,FALSE,queensboro,5722,FALSE
10/2,Monday,0,22.2222222222222,11.1111111111111,26,FALSE,total,23784,FALSE
10/3,Tuesday,0,21.1111111111111,13.8888888888889,26,FALSE,brooklyn,3386,FALSE
10/3,Tuesday,0,21.1111111111111,13.8888888888889,26,FALSE,manhattan,7370,FALSE
10/3,Tuesday,0,21.1111111111111,13.8888888888889,26,FALSE,williamsburg,8161,FALSE
10/3,Tuesday,0,21.1111111111111,13.8888888888889,26,FALSE,queensboro,6363,FALSE
10/3,Tuesday,0,21.1111111111111,13.8888888888889,26,FALSE,total,25280,FALSE
10/4,Wednesday,0,23.8888888888889,13.2777777777778,26,FALSE,brooklyn,3412,FALSE
10/4,Wednesday,0,23.8888888888889,13.2777777777778,26,FALSE,manhattan,7691,FALSE
10/4,Wednesday,0,23.8888888888889,13.2777777777778,26,FALSE,williamsburg,8136,FALSE
10/4,Wednesday,0,23.8888888888889,13.2777777777778,26,FALSE,queensboro,6238,FALSE
10/4,Wednesday,0,23.8888888888889,13.2777777777778,26,FALSE,total,25477,FALSE
10/5,Thursday,0,27.7777777777778,18.2777777777778,26,FALSE,brooklyn,3312,FALSE
10/5,Thursday,0,27.7777777777778,18.2777777777778,26,FALSE,manhattan,7034,FALSE
10/5,Thursday,0,27.7777777777778,18.2777777777778,26,FALSE,williamsburg,7598,FALSE
10/5,Thursday,0,27.7777777777778,18.2777777777778,26,FALSE,queensboro,5998,FALSE
10/5,Thursday,0,27.7777777777778,18.2777777777778,26,FALSE,total,23942,FALSE
10/6,Friday,0,27.2222222222222,20.6111111111111,26,FALSE,brooklyn,2982,FALSE
10/6,Friday,0,27.2222222222222,20.6111111111111,26,FALSE,manhattan,6204,FALSE
10/6,Friday,0,27.2222222222222,20.6111111111111,26,FALSE,williamsburg,7336,FALSE
10/6,Friday,0,27.2222222222222,20.6111111111111,26,FALSE,queensboro,5675,FALSE
10/6,Friday,0,27.2222222222222,20.6111111111111,26,FALSE,total,22197,FALSE
10/7,Saturday,0,26.7222222222222,18.8888888888889,27,FALSE,brooklyn,2750,TRUE
10/7,Saturday,0,26.7222222222222,18.8888888888889,27,FALSE,manhattan,5019,TRUE
10/7,Saturday,0,26.7222222222222,18.8888888888889,27,FALSE,williamsburg,5873,TRUE
10/7,Saturday,0,26.7222222222222,18.8888888888889,27,FALSE,queensboro,4576,TRUE
10/7,Saturday,0,26.7222222222222,18.8888888888889,27,FALSE,total,18218,TRUE
10/8,Sunday,5.588,25,22.2222222222222,27,TRUE,brooklyn,1235,TRUE
10/8,Sunday,5.588,25,22.2222222222222,27,TRUE,manhattan,2450,TRUE
10/8,Sunday,5.588,25,22.2222222222222,27,TRUE,williamsburg,3162,TRUE
10/8,Sunday,5.588,25,22.2222222222222,27,TRUE,queensboro,2327,TRUE
10/8,Sunday,5.588,25,22.2222222222222,27,TRUE,total,9174,TRUE
10/9,Monday,6.604,24.3888888888889,22.2222222222222,27,TRUE,brooklyn,898,FALSE
10/9,Monday,6.604,24.3888888888889,22.2222222222222,27,TRUE,manhattan,2321,FALSE
10/9,Monday,6.604,24.3888888888889,22.2222222222222,27,TRUE,williamsburg,3079,FALSE
10/9,Monday,6.604,24.3888888888889,22.2222222222222,27,TRUE,queensboro,2642,FALSE
10/9,Monday,6.604,24.3888888888889,22.2222222222222,27,TRUE,total,8940,FALSE
10/10,Tuesday,0,26.7222222222222,18.8888888888889,27,FALSE,brooklyn,3922,FALSE
10/10,Tuesday,0,26.7222222222222,18.8888888888889,27,FALSE,manhattan,7499,FALSE
10/10,Tuesday,0,26.7222222222222,18.8888888888889,27,FALSE,williamsburg,8208,FALSE
10/10,Tuesday,0,26.7222222222222,18.8888888888889,27,FALSE,queensboro,6421,FALSE
10/10,Tuesday,0,26.7222222222222,18.8888888888889,27,FALSE,total,26050,FALSE
10/11,Wednesday,1.524,23.8888888888889,18.2777777777778,27,TRUE,brooklyn,2721,FALSE
10/11,Wednesday,1.524,23.8888888888889,18.2777777777778,27,TRUE,manhattan,5694,FALSE
10/11,Wednesday,1.524,23.8888888888889,18.2777777777778,27,TRUE,williamsburg,6683,FALSE
10/11,Wednesday,1.524,23.8888888888889,18.2777777777778,27,TRUE,queensboro,5559,FALSE
10/11,Wednesday,1.524,23.8888888888889,18.2777777777778,27,TRUE,total,20657,FALSE
10/12,Thursday,1.778,17.2222222222222,13.2777777777778,27,TRUE,brooklyn,2411,FALSE
10/12,Thursday,1.778,17.2222222222222,13.2777777777778,27,TRUE,manhattan,5083,FALSE
10/12,Thursday,1.778,17.2222222222222,13.2777777777778,27,TRUE,williamsburg,6043,FALSE
10/12,Thursday,1.778,17.2222222222222,13.2777777777778,27,TRUE,queensboro,4603,FALSE
10/12,Thursday,1.778,17.2222222222222,13.2777777777778,27,TRUE,total,18140,FALSE
10/13,Friday,0,18.2777777777778,11.1111111111111,27,FALSE,brooklyn,2839,FALSE
10/13,Friday,0,18.2777777777778,11.1111111111111,27,FALSE,manhattan,5863,FALSE
10/13,Friday,0,18.2777777777778,11.1111111111111,27,FALSE,williamsburg,6612,FALSE
10/13,Friday,0,18.2777777777778,11.1111111111111,27,FALSE,queensboro,5240,FALSE
10/13,Friday,0,18.2777777777778,11.1111111111111,27,FALSE,total,20554,FALSE
10/14,Saturday,2.032,21.7222222222222,16.7222222222222,28,TRUE,brooklyn,2021,TRUE
10/14,Saturday,2.032,21.7222222222222,16.7222222222222,28,TRUE,manhattan,4079,TRUE
10/14,Saturday,2.032,21.7222222222222,16.7222222222222,28,TRUE,williamsburg,4878,TRUE
10/14,Saturday,2.032,21.7222222222222,16.7222222222222,28,TRUE,queensboro,3734,TRUE
10/14,Saturday,2.032,21.7222222222222,16.7222222222222,28,TRUE,total,14712,TRUE
10/15,Sunday,0.254,22.2222222222222,18.8888888888889,28,FALSE,brooklyn,2169,TRUE
10/15,Sunday,0.254,22.2222222222222,18.8888888888889,28,FALSE,manhattan,4285,TRUE
10/15,Sunday,0.254,22.2222222222222,18.8888888888889,28,FALSE,williamsburg,4943,TRUE
10/15,Sunday,0.254,22.2222222222222,18.8888888888889,28,FALSE,queensboro,3793,TRUE
10/15,Sunday,0.254,22.2222222222222,18.8888888888889,28,FALSE,total,15190,TRUE
10/16,Monday,0.254,15.6111111111111,11.1111111111111,28,FALSE,brooklyn,2751,FALSE
10/16,Monday,0.254,15.6111111111111,11.1111111111111,28,FALSE,manhattan,5752,FALSE
10/16,Monday,0.254,15.6111111111111,11.1111111111111,28,FALSE,williamsburg,6391,FALSE
10/16,Monday,0.254,15.6111111111111,11.1111111111111,28,FALSE,queensboro,5045,FALSE
10/16,Monday,0.254,15.6111111111111,11.1111111111111,28,FALSE,total,19939,FALSE
10/17,Tuesday,0,14.3888888888889,6.11111111111111,28,FALSE,brooklyn,2869,FALSE
10/17,Tuesday,0,14.3888888888889,6.11111111111111,28,FALSE,manhattan,6155,FALSE
10/17,Tuesday,0,14.3888888888889,6.11111111111111,28,FALSE,williamsburg,6612,FALSE
10/17,Tuesday,0,14.3888888888889,6.11111111111111,28,FALSE,queensboro,5249,FALSE
10/17,Tuesday,0,14.3888888888889,6.11111111111111,28,FALSE,total,20885,FALSE
10/18,Wednesday,0,21.7222222222222,10,28,FALSE,brooklyn,3264,FALSE
10/18,Wednesday,0,21.7222222222222,10,28,FALSE,manhattan,6608,FALSE
10/18,Wednesday,0,21.7222222222222,10,28,FALSE,williamsburg,7398,FALSE
10/18,Wednesday,0,21.7222222222222,10,28,FALSE,queensboro,5753,FALSE
10/18,Wednesday,0,21.7222222222222,10,28,FALSE,total,23023,FALSE
10/19,Thursday,0,21.1111111111111,13.2777777777778,28,FALSE,brooklyn,3265,FALSE
10/19,Thursday,0,21.1111111111111,13.2777777777778,28,FALSE,manhattan,6860,FALSE
10/19,Thursday,0,21.1111111111111,13.2777777777778,28,FALSE,williamsburg,7742,FALSE
10/19,Thursday,0,21.1111111111111,13.2777777777778,28,FALSE,queensboro,6167,FALSE
10/19,Thursday,0,21.1111111111111,13.2777777777778,28,FALSE,total,24034,FALSE
10/20,Friday,0,22.7777777777778,14.3888888888889,28,FALSE,brooklyn,3169,FALSE
10/20,Friday,0,22.7777777777778,14.3888888888889,28,FALSE,manhattan,6286,FALSE
10/20,Friday,0,22.7777777777778,14.3888888888889,28,FALSE,williamsburg,7215,FALSE
10/20,Friday,0,22.7777777777778,14.3888888888889,28,FALSE,queensboro,5814,FALSE
10/20,Friday,0,22.7777777777778,14.3888888888889,28,FALSE,total,22484,FALSE
10/21,Saturday,0,25.6111111111111,13.8888888888889,29,FALSE,brooklyn,2538,TRUE
10/21,Saturday,0,25.6111111111111,13.8888888888889,29,FALSE,manhattan,4834,TRUE
10/21,Saturday,0,25.6111111111111,13.8888888888889,29,FALSE,williamsburg,6167,TRUE
10/21,Saturday,0,25.6111111111111,13.8888888888889,29,FALSE,queensboro,4940,TRUE
10/21,Saturday,0,25.6111111111111,13.8888888888889,29,FALSE,total,18479,TRUE
10/22,Sunday,0,24.3888888888889,13.8888888888889,29,FALSE,brooklyn,2744,TRUE
10/22,Sunday,0,24.3888888888889,13.8888888888889,29,FALSE,manhattan,4967,TRUE
10/22,Sunday,0,24.3888888888889,13.8888888888889,29,FALSE,williamsburg,5328,TRUE
10/22,Sunday,0,24.3888888888889,13.8888888888889,29,FALSE,queensboro,4474,TRUE
10/22,Sunday,0,24.3888888888889,13.8888888888889,29,FALSE,total,17513,TRUE
10/23,Monday,0,23.2777777777778,17.7777777777778,29,FALSE,brooklyn,3189,FALSE
10/23,Monday,0,23.2777777777778,17.7777777777778,29,FALSE,manhattan,6671,FALSE
10/23,Monday,0,23.2777777777778,17.7777777777778,29,FALSE,williamsburg,7096,FALSE
10/23,Monday,0,23.2777777777778,17.7777777777778,29,FALSE,queensboro,5975,FALSE
10/23,Monday,0,23.2777777777778,17.7777777777778,29,FALSE,total,22931,FALSE
10/24,Tuesday,5.08,22.7777777777778,19.3888888888889,29,TRUE,brooklyn,954,FALSE
10/24,Tuesday,5.08,22.7777777777778,19.3888888888889,29,TRUE,manhattan,2614,FALSE
10/24,Tuesday,5.08,22.7777777777778,19.3888888888889,29,TRUE,williamsburg,3251,FALSE
10/24,Tuesday,5.08,22.7777777777778,19.3888888888889,29,TRUE,queensboro,2682,FALSE
10/24,Tuesday,5.08,22.7777777777778,19.3888888888889,29,TRUE,total,9501,FALSE
10/25,Wednesday,0,18.2777777777778,14.3888888888889,29,FALSE,brooklyn,3367,FALSE
10/25,Wednesday,0,18.2777777777778,14.3888888888889,29,FALSE,manhattan,6720,FALSE
10/25,Wednesday,0,18.2777777777778,14.3888888888889,29,FALSE,williamsburg,7294,FALSE
10/25,Wednesday,0,18.2777777777778,14.3888888888889,29,FALSE,queensboro,5856,FALSE
10/25,Wednesday,0,18.2777777777778,14.3888888888889,29,FALSE,total,23237,FALSE
10/26,Thursday,0,13.8888888888889,11.7222222222222,29,FALSE,brooklyn,2565,FALSE
10/26,Thursday,0,13.8888888888889,11.7222222222222,29,FALSE,manhattan,5217,FALSE
10/26,Thursday,0,13.8888888888889,11.7222222222222,29,FALSE,williamsburg,5958,FALSE
10/26,Thursday,0,13.8888888888889,11.7222222222222,29,FALSE,queensboro,5011,FALSE
10/26,Thursday,0,13.8888888888889,11.7222222222222,29,FALSE,total,18751,FALSE
10/27,Friday,0,16.7222222222222,8.88888888888889,29,FALSE,brooklyn,3150,FALSE
10/27,Friday,0,16.7222222222222,8.88888888888889,29,FALSE,manhattan,5610,FALSE
10/27,Friday,0,16.7222222222222,8.88888888888889,29,FALSE,williamsburg,6450,FALSE
10/27,Friday,0,16.7222222222222,8.88888888888889,29,FALSE,queensboro,5181,FALSE
10/27,Friday,0,16.7222222222222,8.88888888888889,29,FALSE,total,20391,FALSE
10/28,Saturday,0,20,13.2777777777778,30,FALSE,brooklyn,2245,TRUE
10/28,Saturday,0,20,13.2777777777778,30,FALSE,manhattan,4520,TRUE
10/28,Saturday,0,20,13.2777777777778,30,FALSE,williamsburg,5104,TRUE
10/28,Saturday,0,20,13.2777777777778,30,FALSE,queensboro,4069,TRUE
10/28,Saturday,0,20,13.2777777777778,30,FALSE,total,15938,TRUE
10/29,Sunday,76.962,18.2777777777778,16.1111111111111,30,TRUE,brooklyn,183,TRUE
10/29,Sunday,76.962,18.2777777777778,16.1111111111111,30,TRUE,manhattan,661,TRUE
10/29,Sunday,76.962,18.2777777777778,16.1111111111111,30,TRUE,williamsburg,1026,TRUE
10/29,Sunday,76.962,18.2777777777778,16.1111111111111,30,TRUE,queensboro,965,TRUE
10/29,Sunday,76.962,18.2777777777778,16.1111111111111,30,TRUE,total,2835,TRUE
10/30,Monday,6.35,12.7777777777778,7.77777777777778,30,TRUE,brooklyn,1428,FALSE
10/30,Monday,6.35,12.7777777777778,7.77777777777778,30,TRUE,manhattan,2966,FALSE
10/30,Monday,6.35,12.7777777777778,7.77777777777778,30,TRUE,williamsburg,3547,FALSE
10/30,Monday,6.35,12.7777777777778,7.77777777777778,30,TRUE,queensboro,2924,FALSE
10/30,Monday,6.35,12.7777777777778,7.77777777777778,30,TRUE,total,10865,FALSE
10/31,Tuesday,0,12.2222222222222,6.66666666666667,30,FALSE,brooklyn,2727,FALSE
10/31,Tuesday,0,12.2222222222222,6.66666666666667,30,FALSE,manhattan,5597,FALSE
10/31,Tuesday,0,12.2222222222222,6.66666666666667,30,FALSE,williamsburg,5894,FALSE
10/31,Tuesday,0,12.2222222222222,6.66666666666667,30,FALSE,queensboro,4883,FALSE
10/31,Tuesday,0,12.2222222222222,6.66666666666667,30,FALSE,total,19101,FALSE
